ID-Produto,Produto,Categoria,Segmento,Fabricante,Loja,Cidade,Estado,Vendedor,ID-Vendedor,Comissão (Percentual),Data Venda,ValorVenda,Custo,Satisfação Cliente,Liquido
SKU-0000002,Geladeira Duplex,Eletrodomésticos,Doméstico,Brastemp,SP8821,São Paulo,São Paulo,Josias Silva,1006,3,2012-01-02,83200.0,71200.0,3,12000.0
SKU-0000040,Notebook Dell 8 GB,Eletrônicos,Corporativo,Dell,R1296,Rio de Janeiro,Rio de Janeiro,Aline Sutter,1008,3,2012-01-03,1.34587,12000.0,4,-11998.65
SKU-0000064,Micro-Ondas,Eletrodomésticos,Industrial,Consul,SP8823,São Paulo,São Paulo,Mateus Gonçalves,1003,2,2012-01-04,45900.0,12000.0,5,33900.0
SKU-0000041,Notebook Dell 8 GB,Eletrônicos,Corporativo,Dell,R1296,Rio de Janeiro,Rio de Janeiro,Ana Teixeira,1009,2,2012-02-01,1.23412,12000.0,3,-11998.77
SKU-0000065,Grill,Eletrodomésticos,Doméstico,Panasonic,SP8823,São Paulo,São Paulo,Artur Moreira,1004,2,2012-02-01,23400.0,12000.0,5,11400.0
SKU-0000003,Lavadora 11 Kg,Eletrodomésticos,Doméstico,Brastemp,SP8821,São Paulo,São Paulo,Josias Silva,1006,2,2012-02-02,79000.0,39000.0,1,40000.0
SKU-0000042,Notebook Dell 8 GB,Eletrônicos,Corporativo,Dell,V7654,Vitória,Espírito Santo,Maria Fernandes,1001,2,2012-03-01,1.2459,12000.0,3,-11998.75
SKU-0000066,Micro-Ondas,Eletrodomésticos,Doméstico,Panasonic,SP8823,São Paulo,São Paulo,Rodrigo Fagundes,1005,2,2012-03-01,34500.0,12000.0,1,22500.0
SKU-0000004,Lavadora 11 Kg,Eletrodomésticos,Doméstico,Brastemp,SP8821,São Paulo,São Paulo,Mateus Gonçalves,1003,3,2012-03-03,76532.0,20000.0,3,56532.0
SKU-0000043,Notebook Dell 8 GB,Eletrônicos,Corporativo,Dell,A9990,Belo Horizonte,Minas Gerais,Maria Fernandes,1001,2,2012-04-01,1.34587,12000.0,4,-11998.65
SKU-0000067,Forno-Micro-Ondas,Eletrodomésticos,Doméstico,Panasonic,SP8823,São Paulo,São Paulo,Josias Silva,1006,2,2012-04-01,1.345,12000.0,1,-11998.66
SKU-0000005,Lavadora 11 Kg,Eletrodomésticos,Doméstico,Electrolux,SP8821,São Paulo,São Paulo,Artur Moreira,1004,5,2012-04-04,45989.0,23400.0,1,22589.0
SKU-0000044,Notebook Dell 8 GB,Eletrônicos,Corporativo,Dell,SP8823,São Paulo,São Paulo,André Pereira,1002,2,2012-05-01,1.23412,12000.0,3,-11998.77
SKU-0000068,Micro-Ondas,Eletrodomésticos,Doméstico,LG,SP8823,São Paulo,São Paulo,Fernando Zambrini,1007,2,2012-05-01,67500.0,12000.0,2,55500.0
SKU-0000006,Lavadora 11 Kg,Eletrodomésticos,Doméstico,Brastemp,SP8821,São Paulo,São Paulo,Rodrigo Fagundes,1005,4,2012-05-04,59098.0,9000.0,3,50098.0
SKU-0000045,Notebook Dell 8 GB,Eletrônicos,Corporativo,Dell,SP8823,São Paulo,São Paulo,Mateus Gonçalves,1003,2,2012-06-01,1.2459,12000.0,4,-11998.75
SKU-0000069,Micro-Ondas,Eletrodomésticos,Doméstico,LG,SP8823,São Paulo,São Paulo,Mateus Gonçalves,1003,2,2012-06-01,12300.0,12000.0,5,300.0
SKU-0000007,Geladeira Duplex,Eletrodomésticos,Doméstico,Brastemp,SP8821,São Paulo,São Paulo,Josias Silva,1006,3,2012-06-04,1.00091,13400.0,4,-13399.0
SKU-0000046,Notebook Dell 8 GB,Eletrônicos,Corporativo,Dell,SP8823,São Paulo,São Paulo,Artur Moreira,1004,2,2012-07-01,1.34587,12000.0,4,-11998.65
SKU-0000070,Micro-Ondas,Eletrodomésticos,Doméstico,Panasonic,SP8823,São Paulo,São Paulo,André Pereira,1002,2,2012-07-01,45500.0,12000.0,3,33500.0
SKU-0000008,Geladeira Duplex,Eletrodomésticos,Doméstico,Electrolux,A9990,Belo Horizonte,Minas Gerais,Fernando Zambrini,1007,2,2012-07-04,1.229,80000.0,5,-79998.77
SKU-0000047,Notebook Dell 8 GB,Eletrônicos,Corporativo,Dell,SP8823,São Paulo,São Paulo,Rodrigo Fagundes,1005,2,2012-08-01,1.23412,12000.0,3,-11998.77
SKU-0000071,Micro-Ondas,Eletrodomésticos,Doméstico,Panasonic,V7654,Vitória,Espírito Santo,Ana Teixeira,1009,2,2012-08-01,56600.0,12000.0,3,44600.0
SKU-0000009,Geladeira Duplex,Eletrodomésticos,Doméstico,Brastemp,SP8821,São Paulo,São Paulo,Mateus Gonçalves,1003,3,2012-08-04,1.3,40000.0,1,-39998.7
SKU-0000048,Notebook Dell 8 GB,Eletrônicos,Corporativo,Dell,R1296,Rio de Janeiro,Rio de Janeiro,Josias Silva,1006,2,2012-09-01,1.2459,12000.0,3,-11998.75
SKU-0000072,Micro-Ondas,Eletrodomésticos,Doméstico,Panasonic,R1296,Rio de Janeiro,Rio de Janeiro,Josias Silva,1006,2,2012-09-01,1.2,12000.0,3,-11998.8
SKU-0000010,Geladeira Duplex,Eletrodomésticos,Doméstico,Electrolux,SP8821,São Paulo,São Paulo,André Pereira,1002,4,2012-09-04,1.29,60000.0,1,-59998.71
SKU-0000011,Geladeira Duplex,Eletrodomésticos,Doméstico,Brastemp,SP8821,São Paulo,São Paulo,Ana Teixeira,1009,5,2012-09-04,1.287,56000.0,4,-55998.71
SKU-0000049,Notebook Dell 8 GB,Eletrônicos,Corporativo,Dell,V7654,Vitória,Espírito Santo,Fernando Zambrini,1007,2,2012-10-01,1.34587,12000.0,1,-11998.65
SKU-0000073,Micro-Ondas,Eletrodomésticos,Doméstico,Panasonic,A9990,Belo Horizonte,Minas Gerais,Josias Silva,1006,2,2012-10-01,1.22,12000.0,3,-11998.78
SKU-0000001,LG K10 TV Power,Celulares,Corporativo,LG,SP8821,São Paulo,São Paulo,Ana Teixeira,1009,2,2012-10-04,67900.0,34500.0,2,33400.0
SKU-0000050,Desktop 32 GB,Eletrônicos,Corporativo,Sony,SP8823,São Paulo,São Paulo,Aline Sutter,1008,2,2012-11-01,1.23412,12000.0,3,-11998.77
SKU-0000074,Micro-Ondas,Eletrodomésticos,Doméstico,Panasonic,SP8823,São Paulo,São Paulo,Mateus Gonçalves,1003,2,2012-11-01,12300.0,12000.0,2,300.0
SKU-0000012,Geladeira Duplex,Eletrodomésticos,Doméstico,Brastemp,A9990,Belo Horizonte,Minas Gerais,Josias Silva,1006,5,2012-11-04,1.651,79000.0,2,-78998.35
SKU-0000013,Geladeira Duplex,Eletrodomésticos,Doméstico,Brastemp,SP8821,São Paulo,São Paulo,Josias Silva,1006,4,2012-11-04,1.1,79000.0,4,-78998.9
SKU-0000051,Desktop 32 GB,Eletrônicos,Corporativo,Sony,SP8823,São Paulo,São Paulo,Ana Teixeira,1009,2,2012-12-01,90000.0,12000.0,2,78000.0
SKU-0000075,Micro-Ondas,Eletrodomésticos,Doméstico,Panasonic,SP8823,São Paulo,São Paulo,Artur Moreira,1004,2,2012-12-01,44500.0,12000.0,1,32500.0
SKU-0000014,Geladeira Duplex,Eletrodomésticos,Doméstico,Brastemp,SP8821,São Paulo,São Paulo,Mateus Gonçalves,1003,3,2012-12-04,1.19,79000.0,5,-78998.81
SKU-0000015,Geladeira Duplex,Eletrodomésticos,Doméstico,Brastemp,SP8821,São Paulo,São Paulo,Artur Moreira,1004,2,2012-12-04,1.19098,79000.0,4,-78998.81
SKU-0000016,Lavadora 11 Kg,Eletrodomésticos,Doméstico,Electrolux,A9990,Belo Horizonte,Minas Gerais,Rodrigo Fagundes,1005,4,2013-01-02,87700.0,12000.0,4,75700.0
SKU-0000028,Geladeira Duplex,Eletrodomésticos,Doméstico,Brastemp,SP8821,São Paulo,São Paulo,Fernando Zambrini,1007,5,2013-01-02,1.34587,12000.0,3,-11998.65
SKU-0000052,Desktop 32 GB,Eletrônicos,Corporativo,Sony,SP8823,São Paulo,São Paulo,Josias Silva,1006,2,2013-01-02,99900.0,12000.0,1,87900.0
SKU-0000076,Micro-Ondas,Eletrodomésticos,Doméstico,Panasonic,SP8823,São Paulo,São Paulo,Rodrigo Fagundes,1005,2,2013-01-02,34500.0,12000.0,5,22500.0
SKU-0000088,Fritadeira,Eletroportáteis,Doméstico,Samsung,P0761,Cascavel,Paraná,Artur Moreira,1004,2,2013-01-02,29700.0,12000.0,1,17700.0
SKU-0000100,Aspirador,Eletroportáteis,Doméstico,Britânia,SP8823,São Paulo,São Paulo,Josias Silva,1006,2,2013-01-02,12800.0,12000.0,3,800.0
SKU-0000112,Impressora Deskjet,Eletrônicos,Doméstico,HP,SP8822,São Paulo,São Paulo,Mateus Gonçalves,1003,2,2013-01-02,39800.0,12000.0,3,27800.0
SKU-0000124,Secadora Vapor,Eletrodomésticos,Doméstico,Brastemp,SP8822,São Paulo,São Paulo,Fernando Zambrini,1007,2,2013-01-02,45600.0,12000.0,2,33600.0
SKU-0000136,Geladeira Duplex,Eletrodomésticos,Doméstico,Brastemp,A9990,Belo Horizonte,Minas Gerais,André Pereira,1002,2,2013-01-09,1.233,12000.0,4,-11998.77
SKU-0000137,Geladeira Duplex,Eletrodomésticos,Doméstico,Brastemp,A9990,Belo Horizonte,Minas Gerais,Ana Teixeira,1009,2,2013-01-10,1.233,12000.0,1,-11998.77
SKU-0000017,Lavadora 11 Kg,Eletrodomésticos,Doméstico,Brastemp,SP8821,São Paulo,São Paulo,Josias Silva,1006,5,2013-02-02,98200.0,12000.0,3,86200.0
SKU-0000029,Geladeira Duplex,Eletrodomésticos,Doméstico,Brastemp,SP8821,São Paulo,São Paulo,Mateus Gonçalves,1003,4,2013-02-02,1.23412,12000.0,2,-11998.77
SKU-0000053,Desktop 32 GB,Eletrônicos,Corporativo,Sony,SP8823,São Paulo,São Paulo,Josias Silva,1006,2,2013-02-02,1.234,12000.0,2,-11998.77
SKU-0000077,Micro-Ondas,Eletrodomésticos,Doméstico,Panasonic,SP8823,São Paulo,São Paulo,Josias Silva,1006,2,2013-02-02,1.22,12000.0,5,-11998.78
SKU-0000089,Ar Condicionado,Eletrodomésticos,Industrial,Samsung,SA7761,Salvador,Bahia,Rodrigo Fagundes,1005,2,2013-02-02,1.299,12000.0,1,-11998.7
SKU-0000101,Aspirador,Eletroportáteis,Doméstico,Britânia,SP8823,São Paulo,São Paulo,Fernando Zambrini,1007,2,2013-02-02,13800.0,12000.0,4,1800.0
SKU-0000113,Impressora Deskjet,Eletrônicos,Doméstico,HP,SP8822,São Paulo,São Paulo,André Pereira,1002,2,2013-02-02,78800.0,12000.0,2,66800.0
SKU-0000125,Secadora Vapor,Eletrodomésticos,Doméstico,Brastemp,SP8822,São Paulo,São Paulo,Mateus Gonçalves,1003,2,2013-02-02,27700.0,12000.0,1,15700.0
SKU-0000138,Geladeira Duplex,Eletrodomésticos,Doméstico,Brastemp,A9990,Belo Horizonte,Minas Gerais,Josias Silva,1006,2,2013-02-11,72100.0,12000.0,3,60100.0
SKU-0000018,Lavadora 11 Kg,Eletrodomésticos,Doméstico,Brastemp,SP8821,São Paulo,São Paulo,Fernando Zambrini,1007,6,2013-03-02,87200.0,12000.0,2,75200.0
SKU-0000030,Geladeira Duplex,Eletrodomésticos,Doméstico,Brastemp,SP8821,São Paulo,São Paulo,André Pereira,1002,4,2013-03-02,1.2459,12000.0,3,-11998.75
SKU-0000054,Desktop 32 GB,Eletrônicos,Corporativo,Sony,SP8823,São Paulo,São Paulo,Mateus Gonçalves,1003,2,2013-03-02,99800.0,12000.0,4,87800.0
SKU-0000078,Grill,Eletrodomésticos,Doméstico,Panasonic,SP8823,São Paulo,São Paulo,Fernando Zambrini,1007,2,2013-03-02,12400.0,12000.0,5,400.0
SKU-0000090,Aspirador,Eletroportáteis,Doméstico,Britânia,P0761,Cascavel,Paraná,Josias Silva,1006,2,2013-03-02,16700.0,12000.0,4,4700.0
SKU-0000102,Aspirador,Eletroportáteis,Doméstico,Britânia,SP8823,São Paulo,São Paulo,Mateus Gonçalves,1003,2,2013-03-02,13700.0,12000.0,3,1700.0
SKU-0000114,Impressora Deskjet,Eletrônicos,Doméstico,HP,SP8822,São Paulo,São Paulo,Maria Fernandes,1001,2,2013-03-02,76600.0,12000.0,1,64600.0
SKU-0000126,Secadora Vapor,Eletrodomésticos,Doméstico,Brastemp,SP8822,São Paulo,São Paulo,André Pereira,1002,2,2013-03-02,87700.0,12000.0,3,75700.0
SKU-0000139,Geladeira Duplex,Eletrodomésticos,Doméstico,Brastemp,V7654,Vitória,Espírito Santo,Josias Silva,1006,2,2013-03-12,67100.0,12000.0,2,55100.0
SKU-0000140,Samsung Galaxy 8,Celulares,Corporativo,Samsung,V7654,Vitória,Espírito Santo,Mateus Gonçalves,1003,2,2013-03-13,1.899,12000.0,2,-11998.1
SKU-0000141,Geladeira Duplex,Eletrodomésticos,Doméstico,Brastemp,A9990,Belo Horizonte,Minas Gerais,Artur Moreira,1004,2,2013-03-14,34600.0,12000.0,5,22600.0
SKU-0000019,Lavadora 11 Kg,Eletrodomésticos,Doméstico,Electrolux,SP8821,São Paulo,São Paulo,Mateus Gonçalves,1003,5,2013-04-02,79900.0,12000.0,5,67900.0
SKU-0000031,Geladeira Duplex,Eletrodomésticos,Doméstico,Brastemp,SP8821,São Paulo,São Paulo,Maria Fernandes,1001,3,2013-04-02,1.34587,12000.0,1,-11998.65
SKU-0000055,Desktop 32 GB,Eletrônicos,Corporativo,Sony,SP8823,São Paulo,São Paulo,Artur Moreira,1004,2,2013-04-02,99900.0,12000.0,4,87900.0
SKU-0000079,Grill,Eletrodomésticos,Doméstico,Panasonic,A9990,Belo Horizonte,Minas Gerais,Mateus Gonçalves,1003,2,2013-04-02,12300.0,12000.0,3,300.0
SKU-0000091,Ar Condicionado,Eletrodomésticos,Industrial,Samsung,SA7761,Salvador,Bahia,Fernando Zambrini,1007,2,2013-04-02,1.399,12000.0,5,-11998.6
SKU-0000103,Aspirador,Eletroportáteis,Doméstico,Britânia,SP8823,São Paulo,São Paulo,André Pereira,1002,2,2013-04-02,12600.0,12000.0,2,600.0
SKU-0000115,Impressora Deskjet,Eletrônicos,Doméstico,HP,SP8822,São Paulo,São Paulo,Maria Fernandes,1001,2,2013-04-02,65500.0,12000.0,3,53500.0
SKU-0000127,Secadora Vapor,Eletrodomésticos,Doméstico,Brastemp,SP8822,São Paulo,São Paulo,Ana Teixeira,1009,2,2013-04-02,98800.0,12000.0,4,86800.0
SKU-0000142,Sony Experia XA,Celulares,Doméstico,Sony,A9990,Belo Horizonte,Minas Gerais,Rodrigo Fagundes,1005,2,2013-04-15,69900.0,12000.0,2,57900.0
SKU-0000143,Geladeira Duplex,Eletrodomésticos,Doméstico,Brastemp,A9990,Belo Horizonte,Minas Gerais,Josias Silva,1006,2,2013-04-16,87600.0,12000.0,4,75600.0
SKU-0000020,Lavadora 11 Kg,Eletrodomésticos,Doméstico,Brastemp,SP8821,São Paulo,São Paulo,André Pereira,1002,4,2013-05-02,89900.0,12000.0,5,77900.0
SKU-0000032,Geladeira Duplex,Eletrodomésticos,Doméstico,Brastemp,SP8821,São Paulo,São Paulo,Maria Fernandes,1001,3,2013-05-02,1.23412,12000.0,2,-11998.77
SKU-0000056,Desktop 32 GB,Eletrônicos,Corporativo,Sony,SP8823,São Paulo,São Paulo,Rodrigo Fagundes,1005,2,2013-05-02,99999.0,12000.0,1,87999.0
SKU-0000080,Grill,Eletrodomésticos,Doméstico,Panasonic,SP8823,São Paulo,São Paulo,André Pereira,1002,2,2013-05-02,23000.0,12000.0,1,11000.0
SKU-0000092,Aspirador,Eletroportáteis,Doméstico,Britânia,V7654,Vitória,Espírito Santo,Mateus Gonçalves,1003,2,2013-05-02,16800.0,12000.0,5,4800.0
SKU-0000104,Aspirador,Eletroportáteis,Doméstico,Britânia,SP8822,São Paulo,São Paulo,Ana Teixeira,1009,2,2013-05-02,13600.0,12000.0,1,1600.0
SKU-0000116,Impressora Deskjet,Eletrônicos,Doméstico,HP,SP8822,São Paulo,São Paulo,Maria Fernandes,1001,2,2013-05-02,78800.0,12000.0,3,66800.0
SKU-0000128,Secadora Vapor,Eletrodomésticos,Doméstico,Brastemp,SP8822,São Paulo,São Paulo,Josias Silva,1006,2,2013-05-02,56732.0,12000.0,4,44732.0
SKU-0000144,Geladeira Duplex,Eletrodomésticos,Doméstico,Brastemp,V7654,Vitória,Espírito Santo,Fernando Zambrini,1007,2,2013-05-17,65500.0,12000.0,3,53500.0
SKU-0000145,Geladeira Duplex,Eletrodomésticos,Doméstico,Brastemp,V7654,Vitória,Espírito Santo,Mateus Gonçalves,1003,2,2013-05-18,1.2,12000.0,5,-11998.8
SKU-0000146,Geladeira Duplex,Eletrodomésticos,Doméstico,Brastemp,A9990,Belo Horizonte,Minas Gerais,André Pereira,1002,2,2013-05-19,1.229,12000.0,2,-11998.77
SKU-0000021,Lavadora 11 Kg,Eletrodomésticos,Doméstico,Brastemp,SP8821,São Paulo,São Paulo,Ana Teixeira,1009,3,2013-06-02,79900.0,12000.0,5,67900.0
SKU-0000033,Geladeira Duplex,Eletrodomésticos,Doméstico,Brastemp,SP8823,São Paulo,São Paulo,Maria Fernandes,1001,2,2013-06-02,1.2459,12000.0,4,-11998.75
SKU-0000057,Desktop 32 GB,Eletrônicos,Corporativo,Sony,V7654,Vitória,Espírito Santo,Josias Silva,1006,2,2013-06-02,98200.0,12000.0,1,86200.0
SKU-0000081,Micro-Ondas,Eletrodomésticos,Doméstico,Panasonic,R1296,Rio de Janeiro,Rio de Janeiro,Maria Fernandes,1001,2,2013-06-02,29000.0,12000.0,1,17000.0
SKU-0000093,Ar Condicionado,Eletrodomésticos,Industrial,Samsung,R1296,Rio de Janeiro,Rio de Janeiro,André Pereira,1002,2,2013-06-02,1.278,12000.0,3,-11998.72
SKU-0000105,Aspirador,Eletroportáteis,Doméstico,Britânia,SP8822,São Paulo,São Paulo,Josias Silva,1006,2,2013-06-02,13900.0,12000.0,4,1900.0
SKU-0000117,Impressora Deskjet,Eletrônicos,Doméstico,HP,SP8822,São Paulo,São Paulo,Ana Teixeira,1009,2,2013-06-02,65500.0,12000.0,1,53500.0
SKU-0000129,Secadora Vapor,Eletrodomésticos,Doméstico,Brastemp,P0761,Cascavel,Paraná,Josias Silva,1006,2,2013-06-02,79990.0,12000.0,4,67990.0
SKU-0000147,Geladeira Duplex,Eletrodomésticos,Doméstico,Brastemp,A9990,Belo Horizonte,Minas Gerais,Maria Fernandes,1001,2,2013-06-20,1.228,12000.0,4,-11998.77
SKU-0000022,Lavadora 11 Kg,Eletrodomésticos,Doméstico,Brastemp,SP8821,São Paulo,São Paulo,Josias Silva,1006,3,2013-07-02,98700.0,12000.0,2,86700.0
SKU-0000034,Geladeira Duplex,Eletrodomésticos,Doméstico,Brastemp,SP8823,São Paulo,São Paulo,André Pereira,1002,2,2013-07-02,1.34587,12000.0,3,-11998.65
SKU-0000058,Desktop 32 GB,Eletrônicos,Corporativo,Sony,R1296,Rio de Janeiro,Rio de Janeiro,Fernando Zambrini,1007,2,2013-07-02,1.002,12000.0,4,-11999.0
SKU-0000082,Micro-Ondas,Eletrodomésticos,Doméstico,Panasonic,SP8823,São Paulo,São Paulo,Maria Fernandes,1001,2,2013-07-02,29000.0,12000.0,2,17000.0
SKU-0000094,Aspirador,Eletroportáteis,Doméstico,Britânia,SP8823,São Paulo,São Paulo,Ana Teixeira,1009,2,2013-07-02,15000.0,12000.0,5,3000.0
SKU-0000106,Aspirador,Eletroportáteis,Doméstico,Britânia,SP8822,São Paulo,São Paulo,Josias Silva,1006,2,2013-07-02,15000.0,12000.0,1,3000.0
SKU-0000118,Impressora Deskjet,Eletrônicos,Doméstico,HP,SP8822,São Paulo,São Paulo,Josias Silva,1006,2,2013-07-02,65500.0,12000.0,2,53500.0
SKU-0000130,Secadora Vapor,Eletrodomésticos,Doméstico,Brastemp,SP8822,São Paulo,São Paulo,Mateus Gonçalves,1003,2,2013-07-02,1.2,12000.0,4,-11998.8
SKU-0000148,Samsung Galaxy 8,Celulares,Corporativo,Samsung,A9990,Belo Horizonte,Minas Gerais,Maria Fernandes,1001,2,2013-07-21,3.999,12000.0,1,-11996.0
SKU-0000149,Geladeira Duplex,Eletrodomésticos,Doméstico,Brastemp,V7654,Vitória,Espírito Santo,Maria Fernandes,1001,2,2013-07-22,1.229,12000.0,4,-11998.77
SKU-0000023,Lavadora 11 Kg,Eletrodomésticos,Doméstico,Brastemp,SP8821,São Paulo,São Paulo,Josias Silva,1006,3,2013-08-02,69990.0,12000.0,4,57990.0
SKU-0000035,Geladeira Duplex,Eletrodomésticos,Doméstico,Brastemp,SP8823,São Paulo,São Paulo,Mateus Gonçalves,1003,2,2013-08-02,1.23412,12000.0,3,-11998.77
SKU-0000059,Desktop 32 GB,Eletrônicos,Corporativo,HP,SP8823,São Paulo,São Paulo,Mateus Gonçalves,1003,2,2013-08-02,37600.0,12000.0,3,25600.0
SKU-0000083,Forno-Micro-Ondas,Eletrodomésticos,Doméstico,Panasonic,SP8823,São Paulo,São Paulo,Maria Fernandes,1001,2,2013-08-02,29000.0,12000.0,2,17000.0
SKU-0000095,Ar Condicionado,Eletrodomésticos,Industrial,Samsung,A9990,Belo Horizonte,Minas Gerais,Josias Silva,1006,2,2013-08-02,1.19,12000.0,4,-11998.81
SKU-0000107,Aspirador,Eletroportáteis,Doméstico,Britânia,SP8822,São Paulo,São Paulo,Mateus Gonçalves,1003,2,2013-08-02,16700.0,12000.0,3,4700.0
SKU-0000119,Impressora Deskjet,Eletrônicos,Doméstico,HP,SP8822,São Paulo,São Paulo,Josias Silva,1006,2,2013-08-02,45512.0,12000.0,3,33512.0
SKU-0000131,Secadora Vapor,Eletrodomésticos,Doméstico,Brastemp,SP8822,São Paulo,São Paulo,Artur Moreira,1004,2,2013-08-02,34500.0,12000.0,5,22500.0
SKU-0000024,Lavadora 11 Kg,Eletrodomésticos,Doméstico,Electrolux,SP8821,São Paulo,São Paulo,Mateus Gonçalves,1003,4,2013-09-02,78923.0,12000.0,5,66923.0
SKU-0000036,Geladeira Duplex,Eletrodomésticos,Doméstico,Brastemp,SP8823,São Paulo,São Paulo,Artur Moreira,1004,3,2013-09-02,1.2459,12000.0,4,-11998.75
SKU-0000060,Desktop HP 16 GB,Eletrônicos,Corporativo,HP,A9990,Belo Horizonte,Minas Gerais,André Pereira,1002,2,2013-09-02,89900.0,12000.0,3,77900.0
SKU-0000084,Forno-Micro-Ondas,Eletrodomésticos,Doméstico,Panasonic,A9990,Belo Horizonte,Minas Gerais,Ana Teixeira,1009,2,2013-09-02,29000.0,12000.0,3,17000.0
SKU-0000096,Aspirador,Eletroportáteis,Doméstico,Britânia,SP8823,São Paulo,São Paulo,Josias Silva,1006,2,2013-09-02,14900.0,12000.0,2,2900.0
SKU-0000108,Aspirador,Eletroportáteis,Doméstico,Britânia,SP8822,São Paulo,São Paulo,Artur Moreira,1004,2,2013-09-02,17900.0,12000.0,4,5900.0
SKU-0000120,Impressora Deskjet,Eletrônicos,Doméstico,HP,SP8822,São Paulo,São Paulo,Mateus Gonçalves,1003,2,2013-09-02,26200.0,12000.0,3,14200.0
SKU-0000132,Secadora Vapor,Eletrodomésticos,Doméstico,Brastemp,SP8822,São Paulo,São Paulo,Rodrigo Fagundes,1005,2,2013-09-02,43300.0,12000.0,1,31300.0
SKU-0000150,Geladeira Duplex,Eletrodomésticos,Doméstico,Brastemp,V7654,Vitória,Espírito Santo,Ana Teixeira,1009,2,2013-09-23,1.299,12000.0,2,-11998.7
SKU-0000025,Lavadora 11 Kg,Eletrodomésticos,Doméstico,Brastemp,SP8821,São Paulo,São Paulo,Artur Moreira,1004,2,2013-10-02,78934.0,12000.0,3,66934.0
SKU-0000037,Geladeira Duplex,Eletrodomésticos,Doméstico,Brastemp,SP8823,São Paulo,São Paulo,Rodrigo Fagundes,1005,4,2013-10-02,1.34587,12000.0,2,-11998.65
SKU-0000061,Desktop HP 16 GB,Eletrônicos,Corporativo,HP,SP8823,São Paulo,São Paulo,Ana Teixeira,1009,2,2013-10-02,79900.0,12000.0,2,67900.0
SKU-0000085,Forno-Micro-Ondas,Eletrodomésticos,Doméstico,Consul,SP8823,São Paulo,São Paulo,Josias Silva,1006,2,2013-10-02,1.1,12000.0,1,-11998.9
SKU-0000097,Ar Condicionado,Eletrodomésticos,Industrial,Samsung,R1296,Rio de Janeiro,Rio de Janeiro,Mateus Gonçalves,1003,2,2013-10-02,1.29,12000.0,1,-11998.71
SKU-0000109,Aspirador,Eletroportáteis,Doméstico,Britânia,SP8822,São Paulo,São Paulo,Rodrigo Fagundes,1005,2,2013-10-02,14900.0,12000.0,3,2900.0
SKU-0000121,Impressora Deskjet,Eletrônicos,Doméstico,HP,SP8822,São Paulo,São Paulo,Artur Moreira,1004,2,2013-10-02,44500.0,12000.0,2,32500.0
SKU-0000133,Secadora Vapor,Eletrodomésticos,Doméstico,Brastemp,SP8822,São Paulo,São Paulo,Josias Silva,1006,2,2013-10-02,34589.0,12000.0,1,22589.0
SKU-0000151,Samsung Galaxy 8,Celulares,Corporativo,Samsung,V7654,Vitória,Espírito Santo,Artur Moreira,1004,2,2013-10-24,3.999,12000.0,5,-11996.0
SKU-0000026,Lavadora 11 Kg,Eletrodomésticos,Doméstico,Brastemp,SP8821,São Paulo,São Paulo,Rodrigo Fagundes,1005,6,2013-11-02,76420.0,12000.0,4,64420.0
SKU-0000038,Geladeira Duplex,Eletrodomésticos,Doméstico,Brastemp,SP8823,São Paulo,São Paulo,Josias Silva,1006,4,2013-11-02,1.23412,12000.0,3,-11998.77
SKU-0000062,Desktop HP 16 GB,Eletrônicos,Corporativo,HP,SP8823,São Paulo,São Paulo,Josias Silva,1006,2,2013-11-02,1.356,12000.0,5,-11998.64
SKU-0000086,Forno-Micro-Ondas,Eletrodomésticos,Doméstico,Consul,SP8823,São Paulo,São Paulo,Josias Silva,1006,2,2013-11-02,1.23489,12000.0,1,-11998.77
SKU-0000098,Aspirador,Eletroportáteis,Doméstico,Britânia,SP8823,São Paulo,São Paulo,Artur Moreira,1004,2,2013-11-02,13500.0,12000.0,2,1500.0
SKU-0000110,Aspirador,Eletroportáteis,Doméstico,Britânia,SP8822,São Paulo,São Paulo,Josias Silva,1006,2,2013-11-02,14900.0,12000.0,1,2900.0
SKU-0000122,Impressora Deskjet,Eletrônicos,Doméstico,HP,SP8822,São Paulo,São Paulo,Rodrigo Fagundes,1005,2,2013-11-02,65500.0,12000.0,5,53500.0
SKU-0000134,Secadora Vapor,Eletrodomésticos,Doméstico,Brastemp,SP8822,São Paulo,São Paulo,Fernando Zambrini,1007,2,2013-11-02,46700.0,12000.0,2,34700.0
SKU-0000152,Geladeira Duplex,Eletrodomésticos,Doméstico,Brastemp,A9990,Belo Horizonte,Minas Gerais,Fernando Zambrini,1007,2,2013-11-25,1.234,12000.0,4,-11998.77
SKU-0000153,Geladeira Duplex,Eletrodomésticos,Doméstico,Brastemp,V7654,Vitória,Espírito Santo,Josias Silva,1006,2,2013-11-26,87500.0,12000.0,5,75500.0
SKU-0000154,Geladeira Duplex,Eletrodomésticos,Doméstico,Brastemp,A9990,Belo Horizonte,Minas Gerais,Rodrigo Fagundes,1005,2,2013-11-27,43300.0,12000.0,3,31300.0
SKU-0000027,Lavadora 11 Kg,Eletrodomésticos,Doméstico,Electrolux,SP8821,São Paulo,São Paulo,Josias Silva,1006,6,2013-12-02,1.2459,12000.0,2,-11998.75
SKU-0000039,Geladeira Duplex,Eletrodomésticos,Doméstico,Brastemp,SP8823,São Paulo,São Paulo,Fernando Zambrini,1007,2,2013-12-02,1.2459,12000.0,2,-11998.75
SKU-0000063,Desktop HP 16 GB,Eletrônicos,Corporativo,HP,SP8823,São Paulo,São Paulo,Josias Silva,1006,2,2013-12-02,1.788,12000.0,4,-11998.21
SKU-0000087,Forno-Micro-Ondas,Eletrodomésticos,Doméstico,Consul,SP8823,São Paulo,São Paulo,Mateus Gonçalves,1003,2,2013-12-02,12300.0,12000.0,3,300.0
SKU-0000099,Aspirador,Eletroportáteis,Doméstico,Britânia,SP8823,São Paulo,São Paulo,Rodrigo Fagundes,1005,2,2013-12-02,13900.0,12000.0,3,1900.0
SKU-0000111,Aspirador,Eletroportáteis,Doméstico,Britânia,SP8822,São Paulo,São Paulo,Fernando Zambrini,1007,2,2013-12-02,14900.0,12000.0,1,2900.0
SKU-0000123,Impressora Deskjet,Eletrônicos,Doméstico,HP,SP8822,São Paulo,São Paulo,Josias Silva,1006,2,2013-12-02,55532.0,12000.0,3,43532.0
SKU-0000135,Secadora Vapor,Eletrodomésticos,Doméstico,Brastemp,SP8822,São Paulo,São Paulo,Mateus Gonçalves,1003,2,2013-12-02,1.22,12000.0,5,-11998.78
SKU-0000156,Geladeira Duplex,Eletrodomésticos,Doméstico,Brastemp,SP8822,São Paulo,São Paulo,André Pereira,1002,2,2014-01-01,1.288,12000.0,3,-11998.71
SKU-0000193,Geladeira Duplex,Eletrodomésticos,Doméstico,Brastemp,R1296,Rio de Janeiro,Rio de Janeiro,Fernando Zambrini,1007,2,2014-01-01,1.234,12000.0,1,-11998.77
SKU-0000217,Aspirador,Eletroportáteis,Doméstico,Britânia,SP8822,São Paulo,São Paulo,Ana Teixeira,1009,2,2014-01-01,12100.0,12000.0,1,100.0
SKU-0000310,Geladeira Duplex,Eletrodomésticos,Doméstico,Consul,R1296,Rio de Janeiro,Rio de Janeiro,Maria Fernandes,1001,2,2014-01-01,1.299,12000.0,2,-11998.7
SKU-0000347,Geladeira Duplex,Eletrodomésticos,Doméstico,Consul,R1295,Rio de Janeiro,Rio de Janeiro,André Pereira,1002,2,2014-01-01,1.299,12000.0,5,-11998.7
SKU-0000371,Processador de Alimentos,Eletroportáteis,Doméstico,LG,R1298,Campos,Rio de Janeiro,Maria Fernandes,1001,2,2014-01-01,14900.0,12000.0,3,2900.0
SKU-0000194,Aspirador,Eletroportáteis,Doméstico,Britânia,R1296,Rio de Janeiro,Rio de Janeiro,Mateus Gonçalves,1003,2,2014-02-01,76300.0,12000.0,5,64300.0
SKU-0000218,Forno-Micro-Ondas,Eletrodomésticos,Doméstico,Consul,SP8822,São Paulo,São Paulo,André Pereira,1002,2,2014-02-01,35500.0,12000.0,3,23500.0
SKU-0000348,Aspirador,Eletroportáteis,Doméstico,Britânia,R1295,Rio de Janeiro,Rio de Janeiro,Maria Fernandes,1001,2,2014-02-01,16700.0,12000.0,4,4700.0
SKU-0000372,Micro-Ondas,Eletrodomésticos,Doméstico,Consul,R1295,Rio de Janeiro,Rio de Janeiro,Maria Fernandes,1001,2,2014-02-01,1.299,12000.0,3,-11998.7
SKU-0000157,Samsung Galaxy 8,Celulares,Corporativo,Samsung,SP8822,São Paulo,São Paulo,Mateus Gonçalves,1003,2,2014-02-02,3.999,12000.0,3,-11996.0
SKU-0000311,Morotola Moto G5,Celulares,Doméstico,Motorola,R1296,Rio de Janeiro,Rio de Janeiro,André Pereira,1002,2,2014-02-02,1.23,12000.0,5,-11998.77
SKU-0000195,Aspirador,Eletroportáteis,Doméstico,Britânia,V7654,Vitória,Espírito Santo,André Pereira,1002,2,2014-03-01,14900.0,12000.0,2,2900.0
SKU-0000219,Forno-Micro-Ondas,Eletrodomésticos,Doméstico,Consul,SP8822,São Paulo,São Paulo,Maria Fernandes,1001,2,2014-03-01,35500.0,12000.0,4,23500.0
SKU-0000349,Aspirador,Eletroportáteis,Doméstico,Britânia,R1295,Rio de Janeiro,Rio de Janeiro,Maria Fernandes,1001,2,2014-03-01,16700.0,12000.0,2,4700.0
SKU-0000373,Micro-Ondas,Eletrodomésticos,Doméstico,Consul,R1295,Rio de Janeiro,Rio de Janeiro,Maria Fernandes,1001,2,2014-03-01,45500.0,12000.0,5,33500.0
SKU-0000158,Samsung Galaxy 8,Celulares,Corporativo,Samsung,SP8822,São Paulo,São Paulo,Josias Silva,1006,2,2014-03-03,3.999,12000.0,5,-11996.0
SKU-0000312,Morotola Moto G5,Celulares,Doméstico,Motorola,R1296,Rio de Janeiro,Rio de Janeiro,André Pereira,1002,2,2014-03-03,1.23,12000.0,4,-11998.77
SKU-0000196,Aspirador,Eletroportáteis,Doméstico,Britânia,A9990,Belo Horizonte,Minas Gerais,Maria Fernandes,1001,2,2014-04-01,14800.0,12000.0,5,2800.0
SKU-0000220,Grill,Eletrodomésticos,Doméstico,Consul,SP8822,São Paulo,São Paulo,André Pereira,1002,2,2014-04-01,36600.0,12000.0,5,24600.0
SKU-0000350,Aspirador,Eletroportáteis,Doméstico,Britânia,R1297,Petrópolis,Rio de Janeiro,Maria Fernandes,1001,2,2014-04-01,16700.0,12000.0,2,4700.0
SKU-0000374,Micro-Ondas,Eletrodomésticos,Doméstico,Consul,R1295,Rio de Janeiro,Rio de Janeiro,Maria Fernandes,1001,2,2014-04-01,45500.0,12000.0,3,33500.0
SKU-0000159,Samsung Galaxy 8,Celulares,Corporativo,Samsung,SP8822,São Paulo,São Paulo,Artur Moreira,1004,2,2014-04-04,3.999,12000.0,5,-11996.0
SKU-0000313,Morotola Moto G5,Celulares,Doméstico,Motorola,R1296,Rio de Janeiro,Rio de Janeiro,André Pereira,1002,2,2014-04-04,1.23,12000.0,1,-11998.77
SKU-0000197,Aspirador,Eletroportáteis,Doméstico,Britânia,SP8822,São Paulo,São Paulo,Maria Fernandes,1001,2,2014-05-01,13900.0,12000.0,2,1900.0
SKU-0000221,Grill,Eletrodomésticos,Doméstico,Consul,SP8822,São Paulo,São Paulo,André Pereira,1002,2,2014-05-01,38800.0,12000.0,1,26800.0
SKU-0000351,Aspirador,Eletroportáteis,Doméstico,Britânia,R1295,Rio de Janeiro,Rio de Janeiro,Maria Fernandes,1001,2,2014-05-01,14900.0,12000.0,5,2900.0
SKU-0000375,Micro-Ondas,Eletrodomésticos,Doméstico,Consul,R1295,Rio de Janeiro,Rio de Janeiro,Maria Fernandes,1001,2,2014-05-01,45500.0,12000.0,5,33500.0
SKU-0000160,Samsung Galaxy 8,Celulares,Corporativo,Samsung,SP8822,São Paulo,São Paulo,Artur Moreira,1004,2,2014-05-04,3.999,12000.0,2,-11996.0
SKU-0000314,Morotola Moto G5,Celulares,Doméstico,Motorola,R1296,Rio de Janeiro,Rio de Janeiro,André Pereira,1002,2,2014-05-04,1.23,12000.0,4,-11998.77
SKU-0000198,Fritadeira,Eletroportáteis,Doméstico,Samsung,SP8822,São Paulo,São Paulo,Maria Fernandes,1001,2,2014-06-01,13800.0,12000.0,1,1800.0
SKU-0000222,Grill,Eletrodomésticos,Doméstico,Consul,SP8822,São Paulo,São Paulo,Artur Moreira,1004,2,2014-06-01,12400.0,12000.0,3,400.0
SKU-0000352,Aspirador,Eletroportáteis,Doméstico,Britânia,R1295,Rio de Janeiro,Rio de Janeiro,Maria Fernandes,1001,2,2014-06-01,14900.0,12000.0,4,2900.0
SKU-0000376,Micro-Ondas,Eletrodomésticos,Doméstico,Consul,R1295,Rio de Janeiro,Rio de Janeiro,Maria Fernandes,1001,2,2014-06-01,45500.0,12000.0,3,33500.0
SKU-0000161,Geladeira Duplex,Eletrodomésticos,Doméstico,Brastemp,SP8822,São Paulo,São Paulo,Fernando Zambrini,1007,2,2014-06-04,1.234,12000.0,5,-11998.77
SKU-0000315,Geladeira Duplex,Eletrodomésticos,Doméstico,Consul,R1296,Rio de Janeiro,Rio de Janeiro,Ana Teixeira,1009,2,2014-06-04,1.299,12000.0,5,-11998.7
SKU-0000199,Fritadeira,Eletroportáteis,Doméstico,Samsung,SP8822,São Paulo,São Paulo,Ana Teixeira,1009,2,2014-07-01,13700.0,12000.0,2,1700.0
SKU-0000223,Grill,Eletrodomésticos,Doméstico,Consul,SP8822,São Paulo,São Paulo,André Pereira,1002,2,2014-07-01,12000.0,12000.0,5,0.0
SKU-0000353,Aspirador,Eletroportáteis,Doméstico,Britânia,R1295,Rio de Janeiro,Rio de Janeiro,Maria Fernandes,1001,2,2014-07-01,14900.0,12000.0,3,2900.0
SKU-0000377,Micro-Ondas,Eletrodomésticos,Doméstico,Consul,R1295,Rio de Janeiro,Rio de Janeiro,Maria Fernandes,1001,2,2014-07-01,45500.0,12000.0,2,33500.0
SKU-0000162,Geladeira Duplex,Eletrodomésticos,Doméstico,Brastemp,A9990,Belo Horizonte,Minas Gerais,Artur Moreira,1004,2,2014-07-04,1.235,12000.0,5,-11998.76
SKU-0000316,Geladeira Duplex,Eletrodomésticos,Doméstico,Consul,R1296,Rio de Janeiro,Rio de Janeiro,Maria Fernandes,1001,2,2014-07-04,1.299,12000.0,2,-11998.7
SKU-0000200,Fritadeira,Eletroportáteis,Doméstico,Samsung,SP8822,São Paulo,São Paulo,Artur Moreira,1004,2,2014-08-01,12100.0,12000.0,3,100.0
SKU-0000224,Grill,Eletrodomésticos,Doméstico,Consul,V7654,Vitória,Espírito Santo,André Pereira,1002,2,2014-08-01,19000.0,12000.0,1,7000.0
SKU-0000354,Aspirador,Eletroportáteis,Doméstico,Britânia,R1295,Rio de Janeiro,Rio de Janeiro,Maria Fernandes,1001,2,2014-08-01,14900.0,12000.0,4,2900.0
SKU-0000378,Micro-Ondas,Eletrodomésticos,Doméstico,Consul,R1295,Rio de Janeiro,Rio de Janeiro,Maria Fernandes,1001,2,2014-08-01,45500.0,12000.0,2,33500.0
SKU-0000163,Geladeira Duplex,Eletrodomésticos,Doméstico,Brastemp,SP8822,São Paulo,São Paulo,Josias Silva,1006,2,2014-08-04,1.2,12000.0,2,-11998.8
SKU-0000317,Geladeira Duplex,Eletrodomésticos,Doméstico,Consul,R1296,Rio de Janeiro,Rio de Janeiro,Mateus Gonçalves,1003,2,2014-08-04,13700.0,12000.0,1,1700.0
SKU-0000201,Fritadeira,Eletroportáteis,Doméstico,Samsung,R1296,Rio de Janeiro,Rio de Janeiro,Fernando Zambrini,1007,2,2014-09-01,12900.0,12000.0,1,900.0
SKU-0000225,Forno-Micro-Ondas,Eletrodomésticos,Doméstico,Consul,R1296,Rio de Janeiro,Rio de Janeiro,Artur Moreira,1004,2,2014-09-01,67590.0,12000.0,1,55590.0
SKU-0000355,Aspirador,Eletroportáteis,Doméstico,Britânia,R1295,Rio de Janeiro,Rio de Janeiro,Maria Fernandes,1001,2,2014-09-01,14900.0,12000.0,1,2900.0
SKU-0000379,Micro-Ondas,Eletrodomésticos,Doméstico,Consul,R1295,Rio de Janeiro,Rio de Janeiro,Rodrigo Fagundes,1005,2,2014-09-01,12300.0,12000.0,4,300.0
SKU-0000164,Geladeira Duplex,Eletrodomésticos,Doméstico,Brastemp,SP8822,São Paulo,São Paulo,Rodrigo Fagundes,1005,2,2014-09-04,78800.0,12000.0,1,66800.0
SKU-0000318,Geladeira Duplex,Eletrodomésticos,Doméstico,Consul,R1296,Rio de Janeiro,Rio de Janeiro,Artur Moreira,1004,2,2014-09-04,63200.0,12000.0,3,51200.0
SKU-0000202,Fritadeira,Eletroportáteis,Doméstico,Samsung,V7654,Vitória,Espírito Santo,Josias Silva,1006,2,2014-10-01,12800.0,12000.0,2,800.0
SKU-0000226,Forno-Micro-Ondas,Eletrodomésticos,Doméstico,Consul,A9990,Belo Horizonte,Minas Gerais,André Pereira,1002,2,2014-10-01,45500.0,12000.0,1,33500.0
SKU-0000356,Aspirador,Eletroportáteis,Doméstico,Britânia,R1297,Petrópolis,Rio de Janeiro,Maria Fernandes,1001,2,2014-10-01,14900.0,12000.0,4,2900.0
SKU-0000380,Micro-Ondas,Eletrodomésticos,Doméstico,Consul,R1295,Rio de Janeiro,Rio de Janeiro,André Pereira,1002,2,2014-10-01,45500.0,12000.0,2,33500.0
SKU-0000155,Samsung Galaxy 8,Celulares,Corporativo,Samsung,SP8822,São Paulo,São Paulo,Ana Teixeira,1009,2,2014-10-04,3.999,12000.0,4,-11996.0
SKU-0000308,Geladeira Duplex,Eletrodomésticos,Doméstico,Consul,R1296,Rio de Janeiro,Rio de Janeiro,Ana Teixeira,1009,2,2014-10-04,1.299,12000.0,1,-11998.7
SKU-0000309,Morotola Moto G5,Celulares,Doméstico,Motorola,R1296,Rio de Janeiro,Rio de Janeiro,André Pereira,1002,2,2014-10-04,1.23,12000.0,2,-11998.77
SKU-0000203,Fritadeira,Eletroportáteis,Doméstico,Samsung,SP8822,São Paulo,São Paulo,Rodrigo Fagundes,1005,2,2014-11-01,12900.0,12000.0,2,900.0
SKU-0000227,Forno-Micro-Ondas,Eletrodomésticos,Doméstico,Consul,SP8822,São Paulo,São Paulo,André Pereira,1002,2,2014-11-01,37700.0,12000.0,4,25700.0
SKU-0000357,Aspirador,Eletroportáteis,Doméstico,Britânia,R1297,Petrópolis,Rio de Janeiro,Rodrigo Fagundes,1005,2,2014-11-01,14900.0,12000.0,4,2900.0
SKU-0000381,Micro-Ondas,Eletrodomésticos,Doméstico,Consul,R1295,Rio de Janeiro,Rio de Janeiro,Ana Teixeira,1009,2,2014-11-01,45500.0,12000.0,3,33500.0
SKU-0000165,Geladeira Duplex,Eletrodomésticos,Doméstico,Brastemp,A9990,Belo Horizonte,Minas Gerais,Mateus Gonçalves,1003,2,2014-11-04,76100.0,12000.0,1,64100.0
SKU-0000166,Geladeira Duplex,Eletrodomésticos,Doméstico,Brastemp,SP8822,São Paulo,São Paulo,Artur Moreira,1004,2,2014-11-04,98700.0,12000.0,5,86700.0
SKU-0000319,Geladeira Duplex,Eletrodomésticos,Doméstico,Consul,R1296,Rio de Janeiro,Rio de Janeiro,Rodrigo Fagundes,1005,2,2014-11-04,76100.0,12000.0,1,64100.0
SKU-0000320,Geladeira Duplex,Eletrodomésticos,Doméstico,Consul,R1296,Rio de Janeiro,Rio de Janeiro,Ana Teixeira,1009,2,2014-11-04,1.299,12000.0,5,-11998.7
SKU-0000204,Fritadeira,Eletroportáteis,Doméstico,LG,SP8822,São Paulo,São Paulo,Ana Teixeira,1009,2,2014-12-01,12900.0,12000.0,1,900.0
SKU-0000228,Micro-Ondas,Eletrodomésticos,Doméstico,LG,SP8822,São Paulo,São Paulo,Artur Moreira,1004,2,2014-12-01,67812.0,12000.0,3,55812.0
SKU-0000358,Aspirador,Eletroportáteis,Doméstico,Britânia,R1297,Petrópolis,Rio de Janeiro,André Pereira,1002,2,2014-12-01,14900.0,12000.0,4,2900.0
SKU-0000382,Micro-Ondas,Eletrodomésticos,Doméstico,Consul,R1295,Rio de Janeiro,Rio de Janeiro,Maria Fernandes,1001,2,2014-12-01,45500.0,12000.0,2,33500.0
SKU-0000167,Geladeira Duplex,Eletrodomésticos,Doméstico,Brastemp,SP8822,São Paulo,São Paulo,Mateus Gonçalves,1003,2,2014-12-04,1.567,12000.0,2,-11998.43
SKU-0000168,Geladeira Duplex,Eletrodomésticos,Doméstico,Brastemp,SP8822,São Paulo,São Paulo,Ana Teixeira,1009,2,2014-12-04,1.287,12000.0,3,-11998.71
SKU-0000321,Geladeira Duplex,Eletrodomésticos,Doméstico,Consul,R1296,Rio de Janeiro,Rio de Janeiro,André Pereira,1002,2,2014-12-04,1.299,12000.0,5,-11998.7
SKU-0000322,Geladeira Duplex,Eletrodomésticos,Doméstico,Consul,R1296,Rio de Janeiro,Rio de Janeiro,Maria Fernandes,1001,2,2014-12-04,1.299,12000.0,5,-11998.7
SKU-0000169,Geladeira Duplex,Eletrodomésticos,Doméstico,Brastemp,A9990,Belo Horizonte,Minas Gerais,André Pereira,1002,2,2015-01-02,1.287,12000.0,5,-11998.71
SKU-0000181,Morotola Moto G5,Celulares,Doméstico,Motorola,SP8822,São Paulo,São Paulo,Artur Moreira,1004,2,2015-01-02,1.23,12000.0,1,-11998.77
SKU-0000205,Fritadeira,Eletroportáteis,Doméstico,LG,SP8822,São Paulo,São Paulo,André Pereira,1002,2,2015-01-02,12800.0,12000.0,5,800.0
SKU-0000229,Micro-Ondas,Eletrodomésticos,Doméstico,LG,SP8822,São Paulo,São Paulo,Artur Moreira,1004,2,2015-01-02,78945.0,12000.0,4,66945.0
SKU-0000241,Micro-Ondas,Eletrodomésticos,Doméstico,Consul,P0761,Cascavel,Paraná,Josias Silva,1006,2,2015-01-02,29000.0,12000.0,2,17000.0
SKU-0000253,Aspirador,Eletroportáteis,Doméstico,Britânia,SP8821,São Paulo,São Paulo,Ana Teixeira,1009,2,2015-01-02,16700.0,12000.0,3,4700.0
SKU-0000265,Aspirador,Eletroportáteis,Doméstico,Britânia,SP8821,São Paulo,São Paulo,Mateus Gonçalves,1003,2,2015-01-02,16700.0,12000.0,2,4700.0
SKU-0000277,Impressora Deskjet,Eletrônicos,Doméstico,Epson,SP8821,São Paulo,São Paulo,Artur Moreira,1004,2,2015-01-02,23412.0,12000.0,5,11412.0
SKU-0000323,Geladeira Duplex,Eletrodomésticos,Doméstico,Consul,R1296,Rio de Janeiro,Rio de Janeiro,Rodrigo Fagundes,1005,2,2015-01-02,54300.0,12000.0,3,42300.0
SKU-0000335,Morotola Moto G5,Celulares,Doméstico,Motorola,R1296,Rio de Janeiro,Rio de Janeiro,Rodrigo Fagundes,1005,2,2015-01-02,1.23,12000.0,5,-11998.77
SKU-0000359,Aspirador,Eletroportáteis,Doméstico,Britânia,R1297,Petrópolis,Rio de Janeiro,Ana Teixeira,1009,2,2015-01-02,14900.0,12000.0,3,2900.0
SKU-0000383,Micro-Ondas,Eletrodomésticos,Doméstico,Consul,R1295,Rio de Janeiro,Rio de Janeiro,Mateus Gonçalves,1003,2,2015-01-02,56600.0,12000.0,4,44600.0
SKU-0000405,Processador de Alimentos,Eletroportáteis,Doméstico,LG,R1298,Campos,Rio de Janeiro,André Pereira,1002,2,2015-01-02,14900.0,12000.0,5,2900.0
SKU-0000417,Liquidificador,Eletroportáteis,Doméstico,Samsung,R1295,Rio de Janeiro,Rio de Janeiro,Rodrigo Fagundes,1005,2,2015-01-02,12100.0,12000.0,4,100.0
SKU-0000429,Impressora Deskjet,Eletrônicos,Doméstico,HP,R1295,Rio de Janeiro,Rio de Janeiro,Aline Sutter,1008,2,2015-01-02,45600.0,12000.0,4,33600.0
SKU-0000289,Ventilador,Eletroportáteis,Doméstico,Samsung,A9990,Belo Horizonte,Minas Gerais,Ana Teixeira,1009,2,2015-01-09,12300.0,12000.0,3,300.0
SKU-0000439,Ventilador,Eletroportáteis,Doméstico,Samsung,R1295,Rio de Janeiro,Rio de Janeiro,André Pereira,1002,2,2015-01-09,14300.0,12000.0,1,2300.0
SKU-0000290,Geladeira Duplex,Eletrodomésticos,Doméstico,Consul,A9990,Belo Horizonte,Minas Gerais,Ana Teixeira,1009,2,2015-01-10,1.299,12000.0,5,-11998.7
SKU-0000440,Geladeira Duplex,Eletrodomésticos,Doméstico,Brastemp,R1295,Rio de Janeiro,Rio de Janeiro,André Pereira,1002,2,2015-01-10,1.234,12000.0,1,-11998.77
SKU-0000170,Samsung Galaxy 8,Celulares,Corporativo,Samsung,SP8822,São Paulo,São Paulo,Maria Fernandes,1001,2,2015-02-02,3.999,12000.0,4,-11996.0
SKU-0000182,Geladeira Duplex,Eletrodomésticos,Doméstico,Brastemp,SP8822,São Paulo,São Paulo,Josias Silva,1006,2,2015-02-02,1.22,12000.0,5,-11998.78
SKU-0000206,Fritadeira,Eletroportáteis,Doméstico,Samsung,SP8822,São Paulo,São Paulo,Mateus Gonçalves,1003,2,2015-02-02,12900.0,12000.0,4,900.0
SKU-0000230,Micro-Ondas,Eletrodomésticos,Doméstico,Consul,SP8822,São Paulo,São Paulo,Artur Moreira,1004,2,2015-02-02,89032.0,12000.0,4,77032.0
SKU-0000242,Aspirador,Eletroportáteis,Doméstico,Britânia,SA7761,Salvador,Bahia,Fernando Zambrini,1007,2,2015-02-02,12100.0,12000.0,2,100.0
SKU-0000254,Aspirador,Eletroportáteis,Doméstico,Britânia,SP8821,São Paulo,São Paulo,André Pereira,1002,2,2015-02-02,16700.0,12000.0,1,4700.0
SKU-0000266,Impressora Deskjet,Eletrônicos,Doméstico,Epson,SP8821,São Paulo,São Paulo,Ana Teixeira,1009,2,2015-02-02,71300.0,12000.0,2,59300.0
SKU-0000278,Ventilador,Eletroportáteis,Doméstico,Samsung,SP8821,São Paulo,São Paulo,Artur Moreira,1004,2,2015-02-02,13400.0,12000.0,2,1400.0
SKU-0000324,Morotola Moto G5,Celulares,Doméstico,Motorola,R1296,Rio de Janeiro,Rio de Janeiro,André Pereira,1002,2,2015-02-02,1.23,12000.0,5,-11998.77
SKU-0000336,Geladeira Duplex,Eletrodomésticos,Doméstico,Consul,R1296,Rio de Janeiro,Rio de Janeiro,André Pereira,1002,2,2015-02-02,1.299,12000.0,3,-11998.7
SKU-0000360,Aspirador,Eletroportáteis,Doméstico,Britânia,R1297,Petrópolis,Rio de Janeiro,Maria Fernandes,1001,2,2015-02-02,14900.0,12000.0,4,2900.0
SKU-0000384,Micro-Ondas,Eletrodomésticos,Doméstico,Consul,R1295,Rio de Janeiro,Rio de Janeiro,Artur Moreira,1004,2,2015-02-02,78890.0,12000.0,3,66890.0
SKU-0000395,Micro-Ondas,Eletrodomésticos,Doméstico,Panasonic,R1295,Rio de Janeiro,Rio de Janeiro,Maria Fernandes,1001,2,2015-02-02,45500.0,12000.0,3,33500.0
SKU-0000406,Processador de Alimentos,Eletroportáteis,Doméstico,LG,R1298,Campos,Rio de Janeiro,André Pereira,1002,2,2015-02-02,14900.0,12000.0,5,2900.0
SKU-0000418,Impressora Deskjet,Eletrônicos,Doméstico,HP,R1295,Rio de Janeiro,Rio de Janeiro,Rodrigo Fagundes,1005,2,2015-02-02,78800.0,12000.0,4,66800.0
SKU-0000430,Ventilador,Eletroportáteis,Doméstico,Samsung,R1295,Rio de Janeiro,Rio de Janeiro,Ana Teixeira,1009,2,2015-02-02,14500.0,12000.0,5,2500.0
SKU-0000291,Geladeira Duplex,Eletrodomésticos,Doméstico,Consul,A9991,Belo Horizonte,Minas Gerais,Mateus Gonçalves,1003,2,2015-02-11,76100.0,12000.0,4,64100.0
SKU-0000441,Geladeira Duplex,Eletrodomésticos,Doméstico,Brastemp,R1295,Rio de Janeiro,Rio de Janeiro,André Pereira,1002,2,2015-02-11,1.234,12000.0,1,-11998.77
SKU-0000171,Samsung Galaxy 8,Celulares,Corporativo,Samsung,S6543,Osasco,São Paulo,André Pereira,1002,2,2015-03-02,3.999,12000.0,5,-11996.0
SKU-0000183,Geladeira Duplex,Eletrodomésticos,Doméstico,Brastemp,SP8822,São Paulo,São Paulo,Fernando Zambrini,1007,2,2015-03-02,1.234,12000.0,3,-11998.77
SKU-0000207,Fritadeira,Eletroportáteis,Doméstico,Samsung,SP8822,São Paulo,São Paulo,Josias Silva,1006,2,2015-03-02,12100.0,12000.0,1,100.0
SKU-0000231,Micro-Ondas,Eletrodomésticos,Doméstico,Consul,SP8822,São Paulo,São Paulo,Josias Silva,1006,2,2015-03-02,43300.0,12000.0,4,31300.0
SKU-0000243,Ar Condicionado,Eletrodomésticos,Industrial,Samsung,P0761,Cascavel,Paraná,Mateus Gonçalves,1003,2,2015-03-02,45500.0,12000.0,2,33500.0
SKU-0000255,Aspirador,Eletroportáteis,Doméstico,Britânia,SP8821,São Paulo,São Paulo,Mateus Gonçalves,1003,2,2015-03-02,16700.0,12000.0,3,4700.0
SKU-0000267,Impressora Deskjet,Eletrônicos,Doméstico,Epson,SP8821,São Paulo,São Paulo,André Pereira,1002,2,2015-03-02,71300.0,12000.0,3,59300.0
SKU-0000279,Ventilador,Eletroportáteis,Doméstico,Samsung,P0761,Cascavel,Paraná,Artur Moreira,1004,2,2015-03-02,12300.0,12000.0,3,300.0
SKU-0000325,Morotola Moto G5,Celulares,Doméstico,Motorola,R1298,Campos,Rio de Janeiro,André Pereira,1002,2,2015-03-02,1.23,12000.0,4,-11998.77
SKU-0000337,Geladeira Duplex,Eletrodomésticos,Doméstico,Consul,R1296,Rio de Janeiro,Rio de Janeiro,Ana Teixeira,1009,2,2015-03-02,1.299,12000.0,5,-11998.7
SKU-0000361,Aspirador,Eletroportáteis,Doméstico,Britânia,R1297,Petrópolis,Rio de Janeiro,Mateus Gonçalves,1003,2,2015-03-02,14900.0,12000.0,4,2900.0
SKU-0000385,Micro-Ondas,Eletrodomésticos,Doméstico,Consul,R1295,Rio de Janeiro,Rio de Janeiro,Rodrigo Fagundes,1005,2,2015-03-02,56700.0,12000.0,5,44700.0
SKU-0000407,Processador de Alimentos,Eletroportáteis,Doméstico,LG,R1298,Campos,Rio de Janeiro,Maria Fernandes,1001,2,2015-03-02,14900.0,12000.0,5,2900.0
SKU-0000419,Impressora Deskjet,Eletrônicos,Doméstico,HP,R1295,Rio de Janeiro,Rio de Janeiro,Rodrigo Fagundes,1005,2,2015-03-02,90000.0,12000.0,4,78000.0
SKU-0000431,Ventilador,Eletroportáteis,Doméstico,Samsung,R1295,Rio de Janeiro,Rio de Janeiro,Josias Silva,1006,2,2015-03-02,12400.0,12000.0,2,400.0
SKU-0000292,Geladeira Duplex,Eletrodomésticos,Doméstico,Consul,V7654,Vitória,Espírito Santo,Artur Moreira,1004,2,2015-03-12,76500.0,12000.0,2,64500.0
SKU-0000442,Geladeira Duplex,Eletrodomésticos,Doméstico,Brastemp,R1295,Rio de Janeiro,Rio de Janeiro,André Pereira,1002,2,2015-03-12,1.234,12000.0,3,-11998.77
SKU-0000293,Geladeira Duplex,Eletrodomésticos,Doméstico,Consul,V7654,Vitória,Espírito Santo,Rodrigo Fagundes,1005,2,2015-03-13,45600.0,12000.0,3,33600.0
SKU-0000443,Geladeira Duplex,Eletrodomésticos,Doméstico,Brastemp,R1295,Rio de Janeiro,Rio de Janeiro,André Pereira,1002,2,2015-03-13,1.234,12000.0,2,-11998.77
SKU-0000294,Morotola Moto G5,Celulares,Doméstico,Motorola,A9991,Belo Horizonte,Minas Gerais,Josias Silva,1006,2,2015-03-14,1.23,12000.0,3,-11998.77
SKU-0000444,Morotola Moto G5,Celulares,Doméstico,Motorola,R1295,Rio de Janeiro,Rio de Janeiro,Josias Silva,1006,2,2015-03-14,1.23,12000.0,1,-11998.77
SKU-0000172,Samsung Galaxy 8,Celulares,Corporativo,Samsung,S6543,Osasco,São Paulo,André Pereira,1002,2,2015-04-02,3.999,12000.0,4,-11996.0
SKU-0000184,Geladeira Duplex,Eletrodomésticos,Doméstico,Brastemp,SP8822,São Paulo,São Paulo,Mateus Gonçalves,1003,2,2015-04-02,1.579,12000.0,1,-11998.42
SKU-0000208,Fritadeira,Eletroportáteis,Doméstico,LG,SP8822,São Paulo,São Paulo,Artur Moreira,1004,2,2015-04-02,12100.0,12000.0,3,100.0
SKU-0000232,Micro-Ondas,Eletrodomésticos,Doméstico,Consul,A9990,Belo Horizonte,Minas Gerais,Fernando Zambrini,1007,2,2015-04-02,45500.0,12000.0,4,33500.0
SKU-0000244,Aspirador,Eletroportáteis,Doméstico,Britânia,SA7761,Salvador,Bahia,André Pereira,1002,2,2015-04-02,12100.0,12000.0,5,100.0
SKU-0000256,Aspirador,Eletroportáteis,Doméstico,Britânia,SP8821,São Paulo,São Paulo,Josias Silva,1006,2,2015-04-02,16700.0,12000.0,3,4700.0
SKU-0000268,Impressora Deskjet,Eletrônicos,Doméstico,Epson,SP8821,São Paulo,São Paulo,Maria Fernandes,1001,2,2015-04-02,71300.0,12000.0,4,59300.0
SKU-0000280,Ventilador,Eletroportáteis,Doméstico,Samsung,SP8821,São Paulo,São Paulo,Mateus Gonçalves,1003,2,2015-04-02,16700.0,12000.0,5,4700.0
SKU-0000326,Morotola Moto G5,Celulares,Doméstico,Motorola,R1298,Campos,Rio de Janeiro,Maria Fernandes,1001,2,2015-04-02,1.23,12000.0,3,-11998.77
SKU-0000338,Geladeira Duplex,Eletrodomésticos,Doméstico,Consul,R1296,Rio de Janeiro,Rio de Janeiro,Maria Fernandes,1001,2,2015-04-02,1.299,12000.0,3,-11998.7
SKU-0000362,Aspirador,Eletroportáteis,Doméstico,Britânia,R1297,Petrópolis,Rio de Janeiro,Artur Moreira,1004,2,2015-04-02,76545.0,12000.0,4,64545.0
SKU-0000386,Micro-Ondas,Eletrodomésticos,Doméstico,Consul,R1295,Rio de Janeiro,Rio de Janeiro,Ana Teixeira,1009,2,2015-04-02,45500.0,12000.0,5,33500.0
SKU-0000396,Micro-Ondas,Eletrodomésticos,Doméstico,Panasonic,R1295,Rio de Janeiro,Rio de Janeiro,Maria Fernandes,1001,2,2015-04-02,45500.0,12000.0,5,33500.0
SKU-0000408,Processador de Alimentos,Eletroportáteis,Doméstico,LG,R1298,Campos,Rio de Janeiro,Maria Fernandes,1001,2,2015-04-02,14900.0,12000.0,1,2900.0
SKU-0000420,Impressora Deskjet,Eletrônicos,Doméstico,HP,R1295,Rio de Janeiro,Rio de Janeiro,Rodrigo Fagundes,1005,2,2015-04-02,45500.0,12000.0,1,33500.0
SKU-0000295,Geladeira Duplex,Eletrodomésticos,Doméstico,Consul,A9991,Belo Horizonte,Minas Gerais,Fernando Zambrini,1007,2,2015-04-15,1.212,12000.0,4,-11998.79
SKU-0000445,Geladeira Duplex,Eletrodomésticos,Doméstico,Brastemp,R1295,Rio de Janeiro,Rio de Janeiro,André Pereira,1002,2,2015-04-15,1.1,12000.0,5,-11998.9
SKU-0000296,Morotola Moto G5,Celulares,Doméstico,Motorola,A9991,Belo Horizonte,Minas Gerais,Artur Moreira,1004,2,2015-04-16,1.23,12000.0,1,-11998.77
SKU-0000446,Morotola Moto G5,Celulares,Doméstico,Motorola,R1295,Rio de Janeiro,Rio de Janeiro,Fernando Zambrini,1007,2,2015-04-16,1.23,12000.0,1,-11998.77
SKU-0000173,Samsung Galaxy 8,Celulares,Corporativo,Samsung,S6543,Osasco,São Paulo,Artur Moreira,1004,2,2015-05-02,3.999,12000.0,5,-11996.0
SKU-0000185,Geladeira Duplex,Eletrodomésticos,Doméstico,Brastemp,SP8822,São Paulo,São Paulo,André Pereira,1002,2,2015-05-02,1.288,12000.0,3,-11998.71
SKU-0000209,Fritadeira,Eletroportáteis,Doméstico,Samsung,SP8822,São Paulo,São Paulo,Artur Moreira,1004,2,2015-05-02,12100.0,12000.0,5,100.0
SKU-0000233,Micro-Ondas,Eletrodomésticos,Doméstico,Consul,SP8822,São Paulo,São Paulo,Mateus Gonçalves,1003,2,2015-05-02,67700.0,12000.0,2,55700.0
SKU-0000245,Ar Condicionado,Eletrodomésticos,Industrial,Samsung,V7654,Vitória,Espírito Santo,Maria Fernandes,1001,2,2015-05-02,1.29,12000.0,3,-11998.71
SKU-0000257,Aspirador,Eletroportáteis,Doméstico,Britânia,SP8821,São Paulo,São Paulo,Artur Moreira,1004,2,2015-05-02,16700.0,12000.0,5,4700.0
SKU-0000269,Impressora Deskjet,Eletrônicos,Doméstico,Epson,SP8821,São Paulo,São Paulo,André Pereira,1002,2,2015-05-02,71300.0,12000.0,5,59300.0
SKU-0000281,Ventilador,Eletroportáteis,Doméstico,Samsung,S6543,Osasco,São Paulo,Artur Moreira,1004,2,2015-05-02,18900.0,12000.0,4,6900.0
SKU-0000327,Morotola Moto G5,Celulares,Doméstico,Motorola,R1298,Campos,Rio de Janeiro,Maria Fernandes,1001,2,2015-05-02,1.23,12000.0,1,-11998.77
SKU-0000339,Geladeira Duplex,Eletrodomésticos,Doméstico,Consul,R1296,Rio de Janeiro,Rio de Janeiro,Mateus Gonçalves,1003,2,2015-05-02,89900.0,12000.0,5,77900.0
SKU-0000363,Aspirador,Eletroportáteis,Doméstico,Britânia,R1297,Petrópolis,Rio de Janeiro,Rodrigo Fagundes,1005,2,2015-05-02,14900.0,12000.0,1,2900.0
SKU-0000387,Micro-Ondas,Eletrodomésticos,Doméstico,Consul,R1295,Rio de Janeiro,Rio de Janeiro,André Pereira,1002,2,2015-05-02,45500.0,12000.0,4,33500.0
SKU-0000397,Micro-Ondas,Eletrodomésticos,Doméstico,Panasonic,R1295,Rio de Janeiro,Rio de Janeiro,Maria Fernandes,1001,2,2015-05-02,45500.0,12000.0,5,33500.0
SKU-0000409,Processador de Alimentos,Eletroportáteis,Doméstico,LG,R1295,Rio de Janeiro,Rio de Janeiro,Ana Teixeira,1009,2,2015-05-02,14900.0,12000.0,3,2900.0
SKU-0000421,Impressora Deskjet,Eletrônicos,Doméstico,HP,R1295,Rio de Janeiro,Rio de Janeiro,Rodrigo Fagundes,1005,2,2015-05-02,39000.0,12000.0,1,27000.0
SKU-0000432,Ventilador,Eletroportáteis,Doméstico,Samsung,R1297,Petrópolis,Rio de Janeiro,Josias Silva,1006,2,2015-05-02,12800.0,12000.0,4,800.0
SKU-0000297,Geladeira Duplex,Eletrodomésticos,Doméstico,Consul,V7654,Vitória,Espírito Santo,André Pereira,1002,2,2015-05-17,1.299,12000.0,2,-11998.7
SKU-0000447,Geladeira Duplex,Eletrodomésticos,Doméstico,Brastemp,R1295,Rio de Janeiro,Rio de Janeiro,André Pereira,1002,2,2015-05-17,1.234,12000.0,5,-11998.77
SKU-0000298,Geladeira Duplex,Eletrodomésticos,Doméstico,Consul,V7654,Vitória,Espírito Santo,André Pereira,1002,2,2015-05-18,1.299,12000.0,1,-11998.7
SKU-0000448,Geladeira Duplex,Eletrodomésticos,Doméstico,Brastemp,R1295,Rio de Janeiro,Rio de Janeiro,André Pereira,1002,2,2015-05-18,1.234,12000.0,5,-11998.77
SKU-0000299,Geladeira Duplex,Eletrodomésticos,Doméstico,Consul,A9991,Belo Horizonte,Minas Gerais,Maria Fernandes,1001,2,2015-05-19,1.299,12000.0,2,-11998.7
SKU-0000449,Geladeira Duplex,Eletrodomésticos,Doméstico,LG,R1295,Rio de Janeiro,Rio de Janeiro,André Pereira,1002,2,2015-05-19,1.234,12000.0,5,-11998.77
SKU-0000174,Samsung Galaxy 8,Celulares,Corporativo,Samsung,B7659,Campinas,São Paulo,André Pereira,1002,2,2015-06-02,3.999,12000.0,3,-11996.0
SKU-0000186,Geladeira Duplex,Eletrodomésticos,Doméstico,Brastemp,SP8822,São Paulo,São Paulo,Ana Teixeira,1009,2,2015-06-02,1.222,12000.0,5,-11998.78
SKU-0000210,Fritadeira,Eletroportáteis,Doméstico,Samsung,V7654,Vitória,Espírito Santo,Fernando Zambrini,1007,2,2015-06-02,12100.0,12000.0,3,100.0
SKU-0000234,Micro-Ondas,Eletrodomésticos,Doméstico,Consul,R1296,Rio de Janeiro,Rio de Janeiro,André Pereira,1002,2,2015-06-02,34500.0,12000.0,4,22500.0
SKU-0000246,Aspirador,Eletroportáteis,Doméstico,Britânia,R1296,Rio de Janeiro,Rio de Janeiro,Maria Fernandes,1001,2,2015-06-02,12100.0,12000.0,5,100.0
SKU-0000258,Aspirador,Eletroportáteis,Doméstico,Britânia,SP8821,São Paulo,São Paulo,Artur Moreira,1004,2,2015-06-02,16700.0,12000.0,1,4700.0
SKU-0000270,Impressora Deskjet,Eletrônicos,Doméstico,Epson,SP8821,São Paulo,São Paulo,André Pereira,1002,2,2015-06-02,71300.0,12000.0,2,59300.0
SKU-0000282,Ventilador,Eletroportáteis,Doméstico,Samsung,P0761,Cascavel,Paraná,Rodrigo Fagundes,1005,2,2015-06-02,13400.0,12000.0,2,1400.0
SKU-0000328,Morotola Moto G5,Celulares,Doméstico,Motorola,R1296,Rio de Janeiro,Rio de Janeiro,Maria Fernandes,1001,2,2015-06-02,1.23,12000.0,2,-11998.77
SKU-0000340,Geladeira Duplex,Eletrodomésticos,Doméstico,Consul,R1296,Rio de Janeiro,Rio de Janeiro,Artur Moreira,1004,2,2015-06-02,34587.0,12000.0,2,22587.0
SKU-0000364,Aspirador,Eletroportáteis,Doméstico,Britânia,R1297,Petrópolis,Rio de Janeiro,Ana Teixeira,1009,2,2015-06-02,14900.0,12000.0,5,2900.0
SKU-0000388,Micro-Ondas,Eletrodomésticos,Doméstico,Consul,R1295,Rio de Janeiro,Rio de Janeiro,Maria Fernandes,1001,2,2015-06-02,45500.0,12000.0,4,33500.0
SKU-0000398,Micro-Ondas,Eletrodomésticos,Doméstico,Panasonic,R1295,Rio de Janeiro,Rio de Janeiro,Maria Fernandes,1001,2,2015-06-02,45500.0,12000.0,2,33500.0
SKU-0000410,Liquidificador,Eletroportáteis,Doméstico,Samsung,R1295,Rio de Janeiro,Rio de Janeiro,Josias Silva,1006,2,2015-06-02,14900.0,12000.0,4,2900.0
SKU-0000422,Impressora Deskjet,Eletrônicos,Doméstico,HP,R1295,Rio de Janeiro,Rio de Janeiro,Rodrigo Fagundes,1005,2,2015-06-02,89900.0,12000.0,3,77900.0
SKU-0000300,Geladeira Duplex,Eletrodomésticos,Doméstico,Consul,A9991,Belo Horizonte,Minas Gerais,André Pereira,1002,2,2015-06-20,1.299,12000.0,5,-11998.7
SKU-0000450,Geladeira Duplex,Eletrodomésticos,Doméstico,LG,R1295,Rio de Janeiro,Rio de Janeiro,André Pereira,1002,2,2015-06-20,1.3,12000.0,2,-11998.7
SKU-0000175,Samsung Galaxy 8,Celulares,Corporativo,Samsung,B7659,Campinas,São Paulo,André Pereira,1002,2,2015-07-02,3.999,12000.0,2,-11996.0
SKU-0000187,Geladeira Duplex,Eletrodomésticos,Doméstico,Brastemp,SP8822,São Paulo,São Paulo,Josias Silva,1006,2,2015-07-02,1.21,12000.0,5,-11998.79
SKU-0000211,Fritadeira,Eletroportáteis,Doméstico,LG,R1296,Rio de Janeiro,Rio de Janeiro,Artur Moreira,1004,2,2015-07-02,12100.0,12000.0,1,100.0
SKU-0000235,Micro-Ondas,Eletrodomésticos,Doméstico,Consul,SP8822,São Paulo,São Paulo,Ana Teixeira,1009,2,2015-07-02,71300.0,12000.0,4,59300.0
SKU-0000247,Ar Condicionado,Eletrodomésticos,Industrial,Samsung,SP8822,São Paulo,São Paulo,Maria Fernandes,1001,2,2015-07-02,1.229,12000.0,4,-11998.77
SKU-0000259,Aspirador,Eletroportáteis,Doméstico,Britânia,SP8821,São Paulo,São Paulo,Fernando Zambrini,1007,2,2015-07-02,16700.0,12000.0,4,4700.0
SKU-0000271,Impressora Deskjet,Eletrônicos,Doméstico,Epson,SP8821,São Paulo,São Paulo,Artur Moreira,1004,2,2015-07-02,45600.0,12000.0,5,33600.0
SKU-0000283,Ventilador,Eletroportáteis,Doméstico,Samsung,S6543,Osasco,São Paulo,Maria Fernandes,1001,2,2015-07-02,15600.0,12000.0,1,3600.0
SKU-0000329,Morotola Moto G5,Celulares,Doméstico,Motorola,R1296,Rio de Janeiro,Rio de Janeiro,Maria Fernandes,1001,2,2015-07-02,1.23,12000.0,2,-11998.77
SKU-0000341,Geladeira Duplex,Eletrodomésticos,Doméstico,Consul,R1296,Rio de Janeiro,Rio de Janeiro,Rodrigo Fagundes,1005,2,2015-07-02,45600.0,12000.0,1,33600.0
SKU-0000365,Aspirador,Eletroportáteis,Doméstico,Britânia,R1295,Rio de Janeiro,Rio de Janeiro,André Pereira,1002,2,2015-07-02,14900.0,12000.0,3,2900.0
SKU-0000389,Micro-Ondas,Eletrodomésticos,Doméstico,Consul,R1295,Rio de Janeiro,Rio de Janeiro,Rodrigo Fagundes,1005,2,2015-07-02,12300.0,12000.0,5,300.0
SKU-0000399,Micro-Ondas,Eletrodomésticos,Doméstico,Panasonic,R1295,Rio de Janeiro,Rio de Janeiro,Maria Fernandes,1001,2,2015-07-02,45500.0,12000.0,2,33500.0
SKU-0000411,Liquidificador,Eletroportáteis,Doméstico,Samsung,R1295,Rio de Janeiro,Rio de Janeiro,Fernando Zambrini,1007,2,2015-07-02,14900.0,12000.0,3,2900.0
SKU-0000423,Impressora Deskjet,Eletrônicos,Doméstico,HP,R1295,Rio de Janeiro,Rio de Janeiro,Rodrigo Fagundes,1005,2,2015-07-02,45500.0,12000.0,2,33500.0
SKU-0000433,Ventilador,Eletroportáteis,Doméstico,Samsung,R1297,Petrópolis,Rio de Janeiro,Mateus Gonçalves,1003,2,2015-07-02,12700.0,12000.0,5,700.0
SKU-0000301,Geladeira Duplex,Eletrodomésticos,Doméstico,Consul,A9991,Belo Horizonte,Minas Gerais,Artur Moreira,1004,2,2015-07-21,45600.0,12000.0,4,33600.0
SKU-0000451,Geladeira Duplex,Eletrodomésticos,Doméstico,Brastemp,R1295,Rio de Janeiro,Rio de Janeiro,André Pereira,1002,2,2015-07-21,80000.0,12000.0,2,68000.0
SKU-0000302,Morotola Moto G5,Celulares,Doméstico,Motorola,V7654,Vitória,Espírito Santo,André Pereira,1002,2,2015-07-22,1.23,12000.0,1,-11998.77
SKU-0000452,Morotola Moto G5,Celulares,Doméstico,Motorola,R1295,Rio de Janeiro,Rio de Janeiro,Fernando Zambrini,1007,2,2015-07-22,90000.0,12000.0,5,78000.0
SKU-0000176,Samsung Galaxy 8,Celulares,Corporativo,Samsung,SP8822,São Paulo,São Paulo,Artur Moreira,1004,2,2015-08-02,3.999,12000.0,2,-11996.0
SKU-0000188,Geladeira Duplex,Eletrodomésticos,Doméstico,LG,SP8822,São Paulo,São Paulo,Josias Silva,1006,2,2015-08-02,1.212,12000.0,2,-11998.79
SKU-0000212,Fritadeira,Eletroportáteis,Doméstico,Samsung,SP8822,São Paulo,São Paulo,Josias Silva,1006,2,2015-08-02,12100.0,12000.0,2,100.0
SKU-0000236,Micro-Ondas,Eletrodomésticos,Doméstico,LG,SP8822,São Paulo,São Paulo,Josias Silva,1006,2,2015-08-02,32200.0,12000.0,4,20200.0
SKU-0000248,Aspirador,Eletroportáteis,Doméstico,Britânia,A9990,Belo Horizonte,Minas Gerais,Ana Teixeira,1009,2,2015-08-02,12100.0,12000.0,2,100.0
SKU-0000260,Aspirador,Eletroportáteis,Doméstico,Britânia,SP8821,São Paulo,São Paulo,Artur Moreira,1004,2,2015-08-02,16700.0,12000.0,4,4700.0
SKU-0000272,Impressora Deskjet,Eletrônicos,Doméstico,Epson,SP8821,São Paulo,São Paulo,André Pereira,1002,2,2015-08-02,71300.0,12000.0,1,59300.0
SKU-0000284,Ventilador,Eletroportáteis,Doméstico,Samsung,S6543,Osasco,São Paulo,Maria Fernandes,1001,2,2015-08-02,12300.0,12000.0,5,300.0
SKU-0000330,Morotola Moto G5,Celulares,Doméstico,Motorola,R1296,Rio de Janeiro,Rio de Janeiro,Maria Fernandes,1001,2,2015-08-02,1.23,12000.0,3,-11998.77
SKU-0000342,Geladeira Duplex,Eletrodomésticos,Doméstico,Consul,R1296,Rio de Janeiro,Rio de Janeiro,Ana Teixeira,1009,2,2015-08-02,1.299,12000.0,2,-11998.7
SKU-0000366,Aspirador,Eletroportáteis,Doméstico,Britânia,R1295,Rio de Janeiro,Rio de Janeiro,Maria Fernandes,1001,2,2015-08-02,14900.0,12000.0,2,2900.0
SKU-0000390,Micro-Ondas,Eletrodomésticos,Doméstico,Consul,R1295,Rio de Janeiro,Rio de Janeiro,André Pereira,1002,2,2015-08-02,45500.0,12000.0,1,33500.0
SKU-0000400,Processador de Alimentos,Eletroportáteis,Doméstico,LG,R1298,Campos,Rio de Janeiro,Maria Fernandes,1001,2,2015-08-02,14900.0,12000.0,5,2900.0
SKU-0000412,Liquidificador,Eletroportáteis,Doméstico,Samsung,R1295,Rio de Janeiro,Rio de Janeiro,Josias Silva,1006,2,2015-08-02,14900.0,12000.0,3,2900.0
SKU-0000424,Impressora Deskjet,Eletrônicos,Doméstico,HP,R1295,Rio de Janeiro,Rio de Janeiro,Aline Sutter,1008,2,2015-08-02,23400.0,12000.0,3,11400.0
SKU-0000434,Ventilador,Eletroportáteis,Doméstico,Samsung,R1297,Petrópolis,Rio de Janeiro,Artur Moreira,1004,2,2015-08-02,1200.0,12000.0,5,-10800.0
SKU-0000177,Samsung Galaxy 8,Celulares,Corporativo,Samsung,SP8822,São Paulo,São Paulo,André Pereira,1002,2,2015-09-02,3.999,12000.0,3,-11996.0
SKU-0000189,Geladeira Duplex,Eletrodomésticos,Doméstico,Brastemp,SP8822,São Paulo,São Paulo,Mateus Gonçalves,1003,2,2015-09-02,1.899,12000.0,3,-11998.1
SKU-0000213,Fritadeira,Eletroportáteis,Doméstico,Samsung,A9990,Belo Horizonte,Minas Gerais,Rodrigo Fagundes,1005,2,2015-09-02,12100.0,12000.0,4,100.0
SKU-0000237,Micro-Ondas,Eletrodomésticos,Doméstico,Consul,A9990,Belo Horizonte,Minas Gerais,Josias Silva,1006,2,2015-09-02,22200.0,12000.0,2,10200.0
SKU-0000249,Ar Condicionado,Eletrodomésticos,Industrial,Samsung,SP8822,São Paulo,São Paulo,Artur Moreira,1004,2,2015-09-02,1.321,12000.0,3,-11998.68
SKU-0000261,Aspirador,Eletroportáteis,Doméstico,Britânia,SP8821,São Paulo,São Paulo,Josias Silva,1006,2,2015-09-02,16700.0,12000.0,5,4700.0
SKU-0000273,Impressora Deskjet,Eletrônicos,Doméstico,Epson,SP8821,São Paulo,São Paulo,André Pereira,1002,2,2015-09-02,71300.0,12000.0,3,59300.0
SKU-0000285,Ventilador,Eletroportáteis,Doméstico,Samsung,S6543,Osasco,São Paulo,Maria Fernandes,1001,2,2015-09-02,15600.0,12000.0,5,3600.0
SKU-0000331,Morotola Moto G5,Celulares,Doméstico,Motorola,R1296,Rio de Janeiro,Rio de Janeiro,Maria Fernandes,1001,2,2015-09-02,1.23,12000.0,3,-11998.77
SKU-0000343,Geladeira Duplex,Eletrodomésticos,Doméstico,Consul,R1296,Rio de Janeiro,Rio de Janeiro,André Pereira,1002,2,2015-09-02,1.299,12000.0,1,-11998.7
SKU-0000367,Processador de Alimentos,Eletroportáteis,Doméstico,LG,R1295,Rio de Janeiro,Rio de Janeiro,Rodrigo Fagundes,1005,2,2015-09-02,14900.0,12000.0,1,2900.0
SKU-0000391,Micro-Ondas,Eletrodomésticos,Doméstico,Consul,R1295,Rio de Janeiro,Rio de Janeiro,André Pereira,1002,2,2015-09-02,45500.0,12000.0,3,33500.0
SKU-0000401,Ar Condicionado,Eletrodomésticos,Doméstico,Samsung,R1295,Rio de Janeiro,Rio de Janeiro,Rodrigo Fagundes,1005,2,2015-09-02,1.39,12000.0,2,-11998.61
SKU-0000413,Liquidificador,Eletroportáteis,Doméstico,Samsung,R1295,Rio de Janeiro,Rio de Janeiro,Rodrigo Fagundes,1005,2,2015-09-02,14900.0,12000.0,4,2900.0
SKU-0000425,Impressora Deskjet,Eletrônicos,Doméstico,HP,R1295,Rio de Janeiro,Rio de Janeiro,Aline Sutter,1008,2,2015-09-02,28900.0,12000.0,2,16900.0
SKU-0000435,Ventilador,Eletroportáteis,Doméstico,Samsung,R1297,Petrópolis,Rio de Janeiro,Rodrigo Fagundes,1005,2,2015-09-02,12400.0,12000.0,4,400.0
SKU-0000303,Geladeira Duplex,Eletrodomésticos,Doméstico,Consul,V7654,Vitória,Espírito Santo,Mateus Gonçalves,1003,2,2015-09-23,40900.0,12000.0,1,28900.0
SKU-0000453,Geladeira Duplex,Eletrodomésticos,Doméstico,Brastemp,R1295,Rio de Janeiro,Rio de Janeiro,André Pereira,1002,2,2015-09-23,85000.0,12000.0,3,73000.0
SKU-0000178,Morotola Moto G5,Celulares,Doméstico,Motorola,SP8822,São Paulo,São Paulo,André Pereira,1002,2,2015-10-02,1.23,12000.0,5,-11998.77
SKU-0000190,Geladeira Duplex,Eletrodomésticos,Doméstico,Brastemp,SP8822,São Paulo,São Paulo,Artur Moreira,1004,2,2015-10-02,56700.0,12000.0,4,44700.0
SKU-0000214,Fritadeira,Eletroportáteis,Doméstico,Samsung,SP8822,São Paulo,São Paulo,Mateus Gonçalves,1003,2,2015-10-02,12100.0,12000.0,3,100.0
SKU-0000238,Micro-Ondas,Eletrodomésticos,Doméstico,Consul,SP8822,São Paulo,São Paulo,Mateus Gonçalves,1003,2,2015-10-02,56600.0,12000.0,3,44600.0
SKU-0000250,Aspirador,Eletroportáteis,Doméstico,Britânia,R1296,Rio de Janeiro,Rio de Janeiro,Fernando Zambrini,1007,2,2015-10-02,12100.0,12000.0,3,100.0
SKU-0000262,Aspirador,Eletroportáteis,Doméstico,Britânia,SP8821,São Paulo,São Paulo,Rodrigo Fagundes,1005,2,2015-10-02,16700.0,12000.0,3,4700.0
SKU-0000274,Impressora Deskjet,Eletrônicos,Doméstico,Epson,SP8821,São Paulo,São Paulo,Artur Moreira,1004,2,2015-10-02,76534.0,12000.0,3,64534.0
SKU-0000286,Ventilador,Eletroportáteis,Doméstico,Samsung,SP8821,São Paulo,São Paulo,Ana Teixeira,1009,2,2015-10-02,17800.0,12000.0,2,5800.0
SKU-0000332,Morotola Moto G5,Celulares,Doméstico,Motorola,R1296,Rio de Janeiro,Rio de Janeiro,Maria Fernandes,1001,2,2015-10-02,1.23,12000.0,1,-11998.77
SKU-0000344,Geladeira Duplex,Eletrodomésticos,Doméstico,Consul,R1296,Rio de Janeiro,Rio de Janeiro,Maria Fernandes,1001,2,2015-10-02,1.299,12000.0,2,-11998.7
SKU-0000368,Processador de Alimentos,Eletroportáteis,Doméstico,LG,R1298,Campos,Rio de Janeiro,André Pereira,1002,2,2015-10-02,14900.0,12000.0,3,2900.0
SKU-0000392,Micro-Ondas,Eletrodomésticos,Doméstico,Panasonic,R1295,Rio de Janeiro,Rio de Janeiro,Maria Fernandes,1001,2,2015-10-02,45500.0,12000.0,3,33500.0
SKU-0000402,Processador de Alimentos,Eletroportáteis,Doméstico,LG,R1298,Campos,Rio de Janeiro,Maria Fernandes,1001,2,2015-10-02,14900.0,12000.0,2,2900.0
SKU-0000414,Liquidificador,Eletroportáteis,Doméstico,Samsung,R1295,Rio de Janeiro,Rio de Janeiro,Rodrigo Fagundes,1005,2,2015-10-02,14900.0,12000.0,1,2900.0
SKU-0000426,Impressora Deskjet,Eletrônicos,Doméstico,HP,R1295,Rio de Janeiro,Rio de Janeiro,Aline Sutter,1008,2,2015-10-02,43300.0,12000.0,4,31300.0
SKU-0000436,Ventilador,Eletroportáteis,Doméstico,Samsung,R1295,Rio de Janeiro,Rio de Janeiro,Josias Silva,1006,2,2015-10-02,12400.0,12000.0,3,400.0
SKU-0000304,Geladeira Duplex,Eletrodomésticos,Doméstico,Consul,V7654,Vitória,Espírito Santo,Mateus Gonçalves,1003,2,2015-10-24,76600.0,12000.0,3,64600.0
SKU-0000454,Geladeira Duplex,Eletrodomésticos,Doméstico,Brastemp,R1295,Rio de Janeiro,Rio de Janeiro,André Pereira,1002,2,2015-10-24,67800.0,12000.0,2,55800.0
SKU-0000179,Morotola Moto G5,Celulares,Doméstico,Motorola,SP8822,São Paulo,São Paulo,Artur Moreira,1004,2,2015-11-02,1.23,12000.0,4,-11998.77
SKU-0000191,Geladeira Duplex,Eletrodomésticos,Doméstico,Brastemp,SP8822,São Paulo,São Paulo,Rodrigo Fagundes,1005,2,2015-11-02,18900.0,12000.0,4,6900.0
SKU-0000215,Fritadeira,Eletroportáteis,Doméstico,Samsung,SP8822,São Paulo,São Paulo,Artur Moreira,1004,2,2015-11-02,12100.0,12000.0,2,100.0
SKU-0000239,Micro-Ondas,Eletrodomésticos,Doméstico,Consul,SP8822,São Paulo,São Paulo,Artur Moreira,1004,2,2015-11-02,67834.0,12000.0,3,55834.0
SKU-0000251,Ar Condicionado,Eletrodomésticos,Industrial,Samsung,SP8822,São Paulo,São Paulo,Josias Silva,1006,2,2015-11-02,1.345,12000.0,3,-11998.66
SKU-0000263,Aspirador,Eletroportáteis,Doméstico,Britânia,SP8821,São Paulo,São Paulo,Mateus Gonçalves,1003,2,2015-11-02,16700.0,12000.0,2,4700.0
SKU-0000275,Impressora Deskjet,Eletrônicos,Doméstico,Epson,SP8821,São Paulo,São Paulo,André Pereira,1002,2,2015-11-02,71300.0,12000.0,5,59300.0
SKU-0000287,Ventilador,Eletroportáteis,Doméstico,Samsung,SP8821,São Paulo,São Paulo,Aline Sutter,1008,2,2015-11-02,13900.0,12000.0,5,1900.0
SKU-0000333,Morotola Moto G5,Celulares,Doméstico,Motorola,R1296,Rio de Janeiro,Rio de Janeiro,Maria Fernandes,1001,2,2015-11-02,1.23,12000.0,5,-11998.77
SKU-0000345,Geladeira Duplex,Eletrodomésticos,Doméstico,Consul,R1296,Rio de Janeiro,Rio de Janeiro,Rodrigo Fagundes,1005,2,2015-11-02,56700.0,12000.0,4,44700.0
SKU-0000369,Processador de Alimentos,Eletroportáteis,Doméstico,LG,R1295,Rio de Janeiro,Rio de Janeiro,André Pereira,1002,2,2015-11-02,14900.0,12000.0,4,2900.0
SKU-0000393,Micro-Ondas,Eletrodomésticos,Doméstico,Panasonic,R1295,Rio de Janeiro,Rio de Janeiro,Maria Fernandes,1001,2,2015-11-02,45500.0,12000.0,1,33500.0
SKU-0000403,Ar Condicionado,Eletrodomésticos,Doméstico,Samsung,R1295,Rio de Janeiro,Rio de Janeiro,Artur Moreira,1004,2,2015-11-02,1.12,12000.0,3,-11998.88
SKU-0000415,Liquidificador,Eletroportáteis,Doméstico,Samsung,R1295,Rio de Janeiro,Rio de Janeiro,Rodrigo Fagundes,1005,2,2015-11-02,14900.0,12000.0,4,2900.0
SKU-0000427,Impressora Deskjet,Eletrônicos,Doméstico,HP,R1295,Rio de Janeiro,Rio de Janeiro,Aline Sutter,1008,2,2015-11-02,34500.0,12000.0,5,22500.0
SKU-0000437,Ventilador,Eletroportáteis,Doméstico,Samsung,R1295,Rio de Janeiro,Rio de Janeiro,Fernando Zambrini,1007,2,2015-11-02,12800.0,12000.0,1,800.0
SKU-0000305,Morotola Moto G5,Celulares,Doméstico,Motorola,A9991,Belo Horizonte,Minas Gerais,André Pereira,1002,2,2015-11-25,1.23,12000.0,4,-11998.77
SKU-0000455,Morotola Moto G5,Celulares,Doméstico,Motorola,R1295,Rio de Janeiro,Rio de Janeiro,Aline Sutter,1008,2,2015-11-25,1.23,12000.0,1,-11998.77
SKU-0000306,Geladeira Duplex,Eletrodomésticos,Doméstico,Consul,V7654,Vitória,Espírito Santo,Artur Moreira,1004,2,2015-11-26,56700.0,12000.0,2,44700.0
SKU-0000456,Geladeira Duplex,Eletrodomésticos,Doméstico,LG,R1295,Rio de Janeiro,Rio de Janeiro,André Pereira,1002,2,2015-11-26,1.234,12000.0,4,-11998.77
SKU-0000307,Geladeira Duplex,Eletrodomésticos,Doméstico,Consul,A9991,Belo Horizonte,Minas Gerais,Maria Fernandes,1001,2,2015-11-27,1.299,12000.0,1,-11998.7
SKU-0000457,Geladeira Duplex,Eletrodomésticos,Doméstico,Brastemp,R1295,Rio de Janeiro,Rio de Janeiro,André Pereira,1002,2,2015-11-27,1.234,12000.0,3,-11998.77
SKU-0000180,Morotola Moto G5,Celulares,Doméstico,Motorola,SP8822,São Paulo,São Paulo,Artur Moreira,1004,2,2015-12-02,1.23,12000.0,3,-11998.77
SKU-0000192,Geladeira Duplex,Eletrodomésticos,Doméstico,Brastemp,SP8822,São Paulo,São Paulo,Josias Silva,1006,2,2015-12-02,1.212,12000.0,5,-11998.79
SKU-0000216,Fritadeira,Eletroportáteis,Doméstico,Samsung,SP8822,São Paulo,São Paulo,Mateus Gonçalves,1003,2,2015-12-02,12100.0,12000.0,3,100.0
SKU-0000240,Micro-Ondas,Eletrodomésticos,Doméstico,Consul,SP8822,São Paulo,São Paulo,Rodrigo Fagundes,1005,2,2015-12-02,45600.0,12000.0,3,33600.0
SKU-0000252,Aspirador,Eletroportáteis,Doméstico,Britânia,SP8822,São Paulo,São Paulo,Rodrigo Fagundes,1005,2,2015-12-02,12100.0,12000.0,1,100.0
SKU-0000264,Aspirador,Eletroportáteis,Doméstico,Britânia,SP8821,São Paulo,São Paulo,Artur Moreira,1004,2,2015-12-02,16700.0,12000.0,4,4700.0
SKU-0000276,Impressora Deskjet,Eletrônicos,Doméstico,Epson,SP8821,São Paulo,São Paulo,André Pereira,1002,2,2015-12-02,71300.0,12000.0,5,59300.0
SKU-0000288,Ventilador,Eletroportáteis,Doméstico,Samsung,SP8821,São Paulo,São Paulo,Fernando Zambrini,1007,2,2015-12-02,12300.0,12000.0,4,300.0
SKU-0000334,Morotola Moto G5,Celulares,Doméstico,Motorola,R1296,Rio de Janeiro,Rio de Janeiro,Maria Fernandes,1001,2,2015-12-02,1.23,12000.0,2,-11998.77
SKU-0000346,Geladeira Duplex,Eletrodomésticos,Doméstico,Consul,R1295,Rio de Janeiro,Rio de Janeiro,André Pereira,1002,2,2015-12-02,1.299,12000.0,4,-11998.7
SKU-0000370,Processador de Alimentos,Eletroportáteis,Doméstico,LG,R1295,Rio de Janeiro,Rio de Janeiro,Maria Fernandes,1001,2,2015-12-02,14900.0,12000.0,4,2900.0
SKU-0000394,Micro-Ondas,Eletrodomésticos,Doméstico,Panasonic,R1295,Rio de Janeiro,Rio de Janeiro,Maria Fernandes,1001,2,2015-12-02,45500.0,12000.0,5,33500.0
SKU-0000404,Processador de Alimentos,Eletroportáteis,Doméstico,LG,R1298,Campos,Rio de Janeiro,Maria Fernandes,1001,2,2015-12-02,14900.0,12000.0,2,2900.0
SKU-0000416,Liquidificador,Eletroportáteis,Doméstico,Samsung,R1295,Rio de Janeiro,Rio de Janeiro,Rodrigo Fagundes,1005,2,2015-12-02,12100.0,12000.0,5,100.0
SKU-0000428,Impressora Deskjet,Eletrônicos,Doméstico,HP,R1295,Rio de Janeiro,Rio de Janeiro,Aline Sutter,1008,2,2015-12-02,34600.0,12000.0,5,22600.0
SKU-0000438,Ventilador,Eletroportáteis,Doméstico,Samsung,R1295,Rio de Janeiro,Rio de Janeiro,Mateus Gonçalves,1003,2,2015-12-02,13400.0,12000.0,4,1400.0
